"datetimestamp","atemp","rh","bp","wspd","maxwspd","wdir","sdwdir","totpar","totprcp","totsorad","Month","Year","Month_number","Month_Year"
2003-01-18 06:45:00,0,63,1024,2.3,NA,295,NA,0,0,NA,"Jan",2003,1,"Jan 2003"
2003-01-18 07:00:00,-0.2,64,1024,2.1,NA,261,NA,0,0,NA,"Jan",2003,1,"Jan 2003"
2003-01-18 07:15:00,-0.4,65,1025,1.2,NA,268,NA,0,0,NA,"Jan",2003,1,"Jan 2003"
2003-01-18 07:30:00,-0.3,64,1025,1.8,NA,274,NA,10.8,0,NA,"Jan",2003,1,"Jan 2003"
2003-01-19 00:45:00,-0.7,80,1026,0.4,NA,209,NA,0,0,NA,"Jan",2003,1,"Jan 2003"
2003-01-19 01:00:00,-1.5,84,1026,0.5,NA,221,NA,0,0,NA,"Jan",2003,1,"Jan 2003"
2003-01-19 01:15:00,-1.3,86,1026,0.2,NA,241,NA,0,0,NA,"Jan",2003,1,"Jan 2003"
2003-01-19 01:30:00,-0.9,86,1025,1,NA,227,NA,0,0,NA,"Jan",2003,1,"Jan 2003"
2003-01-19 01:45:00,-0.6,86,1026,0.9,NA,227,NA,0,0,NA,"Jan",2003,1,"Jan 2003"
2003-01-19 02:00:00,-0.1,86,1026,0.9,NA,268,NA,0,0,NA,"Jan",2003,1,"Jan 2003"
2003-01-19 02:15:00,-0.2,85,1026,1.3,NA,282,NA,0,0,NA,"Jan",2003,1,"Jan 2003"
2003-01-19 02:30:00,-0.2,85,1026,2,NA,230,NA,0,0,NA,"Jan",2003,1,"Jan 2003"
2003-01-19 02:45:00,-0.2,83,1026,1.9,NA,266,NA,0,0,NA,"Jan",2003,1,"Jan 2003"
2003-01-19 03:00:00,0,82,1026,1.4,NA,265,NA,0,0,NA,"Jan",2003,1,"Jan 2003"
2003-01-19 03:15:00,-0.2,81,1026,2.1,NA,254,NA,0,0,NA,"Jan",2003,1,"Jan 2003"
2003-01-19 03:30:00,-0.2,79,1026,1.3,NA,277,NA,0,0,NA,"Jan",2003,1,"Jan 2003"
2003-01-19 03:45:00,-0.4,79,1026,2,NA,284,NA,0,0,NA,"Jan",2003,1,"Jan 2003"
2003-01-19 04:00:00,-0.5,78,1026,0.9,NA,286,NA,0,0,NA,"Jan",2003,1,"Jan 2003"
2003-01-19 04:15:00,-0.5,77,1026,1.1,NA,276,NA,0,0,NA,"Jan",2003,1,"Jan 2003"
2003-01-19 04:30:00,-0.5,75,1026,1.1,NA,279,NA,0,0,NA,"Jan",2003,1,"Jan 2003"
2003-01-19 04:45:00,-0.5,74,1026,1.9,NA,270,NA,0,0,NA,"Jan",2003,1,"Jan 2003"
2003-01-19 05:00:00,-0.4,73,1027,1.2,NA,271,NA,0,0,NA,"Jan",2003,1,"Jan 2003"
2003-01-19 05:15:00,-0.3,71,1026,0.9,NA,266,NA,0,0,NA,"Jan",2003,1,"Jan 2003"
2003-01-19 05:30:00,-0.5,71,1027,1.3,NA,238,NA,0,0,NA,"Jan",2003,1,"Jan 2003"
2003-01-19 05:45:00,-0.4,71,1027,1.1,NA,244,NA,0,0,NA,"Jan",2003,1,"Jan 2003"
2003-01-19 06:00:00,-0.7,71,1027,1.3,NA,229,NA,0,0,NA,"Jan",2003,1,"Jan 2003"
2003-01-19 06:15:00,-0.6,72,1027,0.8,NA,261,NA,0,0,NA,"Jan",2003,1,"Jan 2003"
2003-01-19 06:30:00,-0.6,72,1027,1,NA,226,NA,0,0,NA,"Jan",2003,1,"Jan 2003"
2003-01-19 06:45:00,-0.5,71,1028,1.3,NA,267,NA,0,0,NA,"Jan",2003,1,"Jan 2003"
2003-01-19 07:00:00,-0.6,72,1028,1.7,NA,268,NA,0,0,NA,"Jan",2003,1,"Jan 2003"
2003-01-19 07:15:00,-0.4,71,1028,1.2,NA,222,NA,0,0,NA,"Jan",2003,1,"Jan 2003"
2003-01-19 07:30:00,-0.5,71,1028,1.2,NA,245,NA,6.1,0,NA,"Jan",2003,1,"Jan 2003"
2003-01-23 23:15:00,-0.1,37,1025,3,NA,328,NA,33.5,0,NA,"Jan",2003,1,"Jan 2003"
2003-01-23 23:30:00,-0.2,39,1025,2.9,NA,337,NA,33.5,0,NA,"Jan",2003,1,"Jan 2003"
2003-01-23 23:45:00,-0.5,35,1025,3.8,NA,0,NA,32.8,0,NA,"Jan",2003,1,"Jan 2003"
2003-01-24,-0.7,35,1025,3.3,NA,314,NA,32.3,0,NA,"Jan",2003,1,"Jan 2003"
2003-01-24 00:15:00,-0.8,35,1026,3.5,NA,346,NA,32.1,0,NA,"Jan",2003,1,"Jan 2003"
2003-01-24 00:30:00,-1,35,1026,3.5,NA,331,NA,34.2,0,NA,"Jan",2003,1,"Jan 2003"
2003-01-24 00:45:00,-1.3,34,1026,5.3,NA,346,NA,33.7,0,NA,"Jan",2003,1,"Jan 2003"
2003-01-24 01:00:00,-1.4,32,1026,6.2,NA,348,NA,33.5,0,NA,"Jan",2003,1,"Jan 2003"
2003-01-24 01:15:00,-1.5,32,1026,6.3,NA,348,NA,33.5,0,NA,"Jan",2003,1,"Jan 2003"
2003-01-24 01:30:00,-1.6,36,1026,5.8,NA,353,NA,33.3,0,NA,"Jan",2003,1,"Jan 2003"
2003-01-24 01:45:00,-1.7,35,1026,3.2,NA,307,NA,33.2,0,NA,"Jan",2003,1,"Jan 2003"
2003-01-24 02:00:00,-1.9,38,1027,2.4,NA,302,NA,32.3,0,NA,"Jan",2003,1,"Jan 2003"
2003-01-24 02:15:00,-2.1,39,1027,3.2,NA,331,NA,32.1,0,NA,"Jan",2003,1,"Jan 2003"
2003-01-24 02:30:00,-2.2,39,1027,2.7,NA,311,NA,32.1,0,NA,"Jan",2003,1,"Jan 2003"
2003-01-24 02:45:00,-2.3,41,1027,2.7,NA,324,NA,32.1,0,NA,"Jan",2003,1,"Jan 2003"
2003-01-24 03:00:00,-2.5,38,1027,4.8,NA,308,NA,31.7,0,NA,"Jan",2003,1,"Jan 2003"
2003-01-24 03:15:00,-2.5,44,1027,3.3,NA,329,NA,31.7,0,NA,"Jan",2003,1,"Jan 2003"
2003-01-24 03:30:00,-2.7,43,1027,2.1,NA,288,NA,31.2,0,NA,"Jan",2003,1,"Jan 2003"
2003-01-24 03:45:00,-2.9,44,1028,3.8,NA,337,NA,30.6,0,NA,"Jan",2003,1,"Jan 2003"
2003-01-24 04:00:00,-2.9,45,1028,5.5,NA,5,NA,30.7,0,NA,"Jan",2003,1,"Jan 2003"
2003-01-24 04:15:00,-3.1,44,1028,5,NA,319,NA,30.6,0,NA,"Jan",2003,1,"Jan 2003"
2003-01-24 04:30:00,-3.3,44,1028,3.6,NA,294,NA,30.3,0,NA,"Jan",2003,1,"Jan 2003"
2003-01-24 04:45:00,-3.4,46,1028,2.4,NA,337,NA,30,0,NA,"Jan",2003,1,"Jan 2003"
2003-01-24 05:00:00,-3.6,45,1028,2.6,NA,333,NA,29.5,0,NA,"Jan",2003,1,"Jan 2003"
2003-01-24 05:15:00,-3.9,47,1028,2.9,NA,317,NA,18.4,0,NA,"Jan",2003,1,"Jan 2003"
2003-01-24 05:30:00,-4.1,47,1028,2.9,NA,339,NA,8.3,0,NA,"Jan",2003,1,"Jan 2003"
2003-01-24 05:45:00,-4.1,46,1029,4.3,NA,315,NA,5.9,0,NA,"Jan",2003,1,"Jan 2003"
2003-01-24 06:00:00,-4.3,47,1029,3.4,NA,345,NA,5.6,0,NA,"Jan",2003,1,"Jan 2003"
2003-01-24 06:15:00,-4.4,50,1029,3,NA,229,NA,4.9,0,NA,"Jan",2003,1,"Jan 2003"
2003-01-24 06:30:00,-4.5,51,1029,1.8,NA,316,NA,4.3,0,NA,"Jan",2003,1,"Jan 2003"
2003-01-24 06:45:00,-4.8,50,1029,3,NA,321,NA,4.3,0,NA,"Jan",2003,1,"Jan 2003"
2003-01-24 07:00:00,-5,51,1030,4.2,NA,314,NA,4.3,0,NA,"Jan",2003,1,"Jan 2003"
2003-01-24 07:15:00,-5,51,1030,3.9,NA,325,NA,6,0,NA,"Jan",2003,1,"Jan 2003"
2003-01-24 07:30:00,-5,52,1030,3.4,NA,316,NA,20,0,NA,"Jan",2003,1,"Jan 2003"
2003-01-24 07:45:00,-5.1,51,1030,5.1,NA,323,NA,43.7,0,NA,"Jan",2003,1,"Jan 2003"
2003-01-24 08:00:00,-5.1,53,1030,4.4,NA,306,NA,69.4,0,NA,"Jan",2003,1,"Jan 2003"
2003-01-24 08:15:00,-4.8,52,1031,4.6,NA,335,NA,130,0,NA,"Jan",2003,1,"Jan 2003"
2003-01-24 08:30:00,-4.2,53,1031,2.4,NA,281,NA,277.4,0,NA,"Jan",2003,1,"Jan 2003"
2003-01-24 08:45:00,-3.8,55,1031,2.6,NA,311,NA,338.6,0,NA,"Jan",2003,1,"Jan 2003"
2003-01-24 09:00:00,-3.5,56,1031,3,NA,291,NA,430.7,0,NA,"Jan",2003,1,"Jan 2003"
2003-01-24 09:15:00,-2.7,61,1031,5.8,NA,351,NA,486.5,0,NA,"Jan",2003,1,"Jan 2003"
2003-01-24 09:30:00,-2.6,63,1032,6.2,NA,339,NA,417.8,0,NA,"Jan",2003,1,"Jan 2003"
2003-01-24 09:45:00,-2.6,69,1032,3.8,NA,351,NA,389.3,0,NA,"Jan",2003,1,"Jan 2003"
2003-01-24 10:00:00,-2.4,66,1032,5,NA,313,NA,233.7,0,NA,"Jan",2003,1,"Jan 2003"
2003-01-24 10:15:00,-2.3,67,1033,2.3,NA,306,NA,272.5,0,NA,"Jan",2003,1,"Jan 2003"
2003-01-24 10:30:00,-1.9,67,1033,3.3,NA,293,NA,272.9,0,NA,"Jan",2003,1,"Jan 2003"
2003-01-24 10:45:00,-1.7,69,1033,2.7,NA,340,NA,231.9,0,NA,"Jan",2003,1,"Jan 2003"
2003-01-24 11:00:00,-1.7,68,1033,3.7,NA,317,NA,218.2,0,NA,"Jan",2003,1,"Jan 2003"
2003-01-24 11:15:00,-1.3,68,1033,5,NA,0,NA,243.5,0,NA,"Jan",2003,1,"Jan 2003"
2003-01-24 11:30:00,-1,70,1032,1.7,NA,310,NA,301.8,0,NA,"Jan",2003,1,"Jan 2003"
2003-01-24 11:45:00,-1.1,67,1032,3.1,NA,330,NA,326.5,0,NA,"Jan",2003,1,"Jan 2003"
2003-01-24 12:00:00,-0.6,69,1032,4.5,NA,351,NA,341.1,0,NA,"Jan",2003,1,"Jan 2003"
2003-01-24 12:15:00,-0.5,70,1032,4.7,NA,333,NA,358.4,0,NA,"Jan",2003,1,"Jan 2003"
2003-01-24 12:30:00,-0.2,70,1032,2.7,NA,310,NA,309.3,0,NA,"Jan",2003,1,"Jan 2003"
2003-01-24 18:30:00,-0.3,74,1032,0.7,NA,252,NA,32,0,NA,"Jan",2003,1,"Jan 2003"
2003-01-24 18:45:00,-0.9,78,1032,0.9,NA,256,NA,30.1,0,NA,"Jan",2003,1,"Jan 2003"
2003-01-24 19:00:00,-1.2,79,1032,1.2,NA,246,NA,29.7,0,NA,"Jan",2003,1,"Jan 2003"
2003-01-24 19:15:00,-1.5,82,1032,1,NA,243,NA,30.7,0,NA,"Jan",2003,1,"Jan 2003"
2003-01-24 19:30:00,-1.8,83,1032,0.9,NA,246,NA,31.5,0,NA,"Jan",2003,1,"Jan 2003"
2003-01-24 19:45:00,-2.1,85,1032,0.8,NA,265,NA,31.8,0,NA,"Jan",2003,1,"Jan 2003"
2003-01-24 20:00:00,-2.3,86,1032,0.5,NA,226,NA,31.3,0,NA,"Jan",2003,1,"Jan 2003"
2003-01-24 20:15:00,-2.3,86,1032,0.6,NA,239,NA,22.5,0,NA,"Jan",2003,1,"Jan 2003"
2003-01-24 20:30:00,-2.5,85,1032,0.7,NA,238,NA,10,0,NA,"Jan",2003,1,"Jan 2003"
2003-01-24 20:45:00,-2.5,86,1032,0.9,NA,238,NA,8.3,0,NA,"Jan",2003,1,"Jan 2003"
2003-01-24 21:00:00,-2.8,87,1032,0.4,NA,188,NA,6.9,0,NA,"Jan",2003,1,"Jan 2003"
2003-01-24 21:15:00,-2.8,86,1032,0.5,NA,267,NA,5.5,0,NA,"Jan",2003,1,"Jan 2003"
2003-01-24 21:30:00,-3.2,89,1032,0.4,NA,230,NA,5,0,NA,"Jan",2003,1,"Jan 2003"
2003-01-24 21:45:00,-3.3,89,1032,0.1,NA,210,NA,4.7,0,NA,"Jan",2003,1,"Jan 2003"
2003-01-24 22:00:00,-3.5,90,1032,0.3,NA,236,NA,4.3,0,NA,"Jan",2003,1,"Jan 2003"
2003-01-24 22:15:00,-3.6,91,1032,0.5,NA,235,NA,4.3,0,NA,"Jan",2003,1,"Jan 2003"
2003-01-24 22:30:00,-3.5,91,1032,0,NA,211,NA,4.3,0,NA,"Jan",2003,1,"Jan 2003"
2003-01-24 22:45:00,-3.6,91,1032,0,NA,229,NA,4,0,NA,"Jan",2003,1,"Jan 2003"
2003-01-24 23:00:00,-3.6,92,1032,0.9,NA,250,NA,3.4,0,NA,"Jan",2003,1,"Jan 2003"
2003-01-24 23:15:00,-3.3,90,1031,0.8,NA,254,NA,3.2,0,NA,"Jan",2003,1,"Jan 2003"
2003-01-24 23:30:00,-3.2,88,1031,0.2,NA,213,NA,3.3,0,NA,"Jan",2003,1,"Jan 2003"
2003-01-24 23:45:00,-3.3,88,1031,0.8,NA,263,NA,3.3,0,NA,"Jan",2003,1,"Jan 2003"
2003-01-25,-3,86,1031,0.4,NA,224,NA,2.9,0,NA,"Jan",2003,1,"Jan 2003"
2003-01-25 00:15:00,-3.4,88,1031,0.7,NA,255,NA,2.9,0,NA,"Jan",2003,1,"Jan 2003"
2003-01-25 00:30:00,-3.3,87,1030,0.3,NA,224,NA,2.9,0,NA,"Jan",2003,1,"Jan 2003"
2003-01-25 00:45:00,-3.5,88,1030,0.7,NA,250,NA,2.9,0,NA,"Jan",2003,1,"Jan 2003"
2003-01-25 01:00:00,-2.2,75,1030,1,NA,272,NA,2.9,0,NA,"Jan",2003,1,"Jan 2003"
2003-01-25 01:15:00,-1.4,69,1030,1.6,NA,279,NA,2.8,0,NA,"Jan",2003,1,"Jan 2003"
2003-01-25 01:30:00,-1.5,70,1030,1.5,NA,258,NA,1.5,0,NA,"Jan",2003,1,"Jan 2003"
2003-01-25 01:45:00,-1.2,66,1030,1.6,NA,270,NA,2.1,0,NA,"Jan",2003,1,"Jan 2003"
2003-01-25 02:00:00,-1.1,64,1030,1.3,NA,294,NA,1.4,0,NA,"Jan",2003,1,"Jan 2003"
2003-01-25 02:15:00,-0.9,61,1030,1.3,NA,302,NA,2.2,0,NA,"Jan",2003,1,"Jan 2003"
2003-01-25 02:30:00,-1,63,1030,1.6,NA,266,NA,1.8,0,NA,"Jan",2003,1,"Jan 2003"
2003-01-25 02:45:00,-1.3,63,1030,2.3,NA,273,NA,2.9,0,NA,"Jan",2003,1,"Jan 2003"
2003-01-25 03:00:00,-1,61,1030,1.5,NA,277,NA,2.8,0,NA,"Jan",2003,1,"Jan 2003"
2003-01-25 03:15:00,-0.8,64,1030,1.6,NA,306,NA,3.7,0,NA,"Jan",2003,1,"Jan 2003"
2003-01-25 03:30:00,-0.7,64,1030,2.1,NA,352,NA,2.5,0,NA,"Jan",2003,1,"Jan 2003"
2003-01-25 03:45:00,-0.8,66,1030,2.4,NA,345,NA,4,0,NA,"Jan",2003,1,"Jan 2003"
2003-01-25 04:00:00,-0.6,68,1030,1.9,NA,309,NA,4.3,0,NA,"Jan",2003,1,"Jan 2003"
2003-01-25 04:15:00,-0.7,68,1030,1.5,NA,306,NA,4.8,0,NA,"Jan",2003,1,"Jan 2003"
2003-01-25 04:30:00,-1,68,1030,1.1,NA,316,NA,5,0,NA,"Jan",2003,1,"Jan 2003"
2003-01-25 04:45:00,-0.5,66,1030,1.3,NA,275,NA,5,0,NA,"Jan",2003,1,"Jan 2003"
2003-01-25 05:00:00,-0.6,65,1030,1,NA,310,NA,5,0,NA,"Jan",2003,1,"Jan 2003"
2003-01-25 05:15:00,-0.4,63,1029,2.1,NA,299,NA,5.1,0,NA,"Jan",2003,1,"Jan 2003"
2003-01-25 05:30:00,-0.2,63,1030,1.9,NA,306,NA,5.5,0,NA,"Jan",2003,1,"Jan 2003"
2003-01-25 05:45:00,-0.3,63,1030,1.1,NA,283,NA,6.6,0,NA,"Jan",2003,1,"Jan 2003"
2003-01-25 06:00:00,-0.8,65,1029,1.2,NA,292,NA,6.4,0,NA,"Jan",2003,1,"Jan 2003"
2003-01-25 06:15:00,-0.6,65,1030,1.9,NA,278,NA,6.4,0,NA,"Jan",2003,1,"Jan 2003"
2003-01-25 06:30:00,-0.7,66,1029,1.5,NA,282,NA,6.4,0,NA,"Jan",2003,1,"Jan 2003"
2003-01-25 06:45:00,0,63,1029,1,NA,274,NA,7.7,0,NA,"Jan",2003,1,"Jan 2003"
2003-01-25 07:30:00,0,65,1030,1.8,NA,283,NA,32.7,0,NA,"Jan",2003,1,"Jan 2003"
2003-12-18 07:00:00,0,92,1021,0.7,1.3,250,15,4.6,0,NA,"Dec",2003,12,"Dec 2003"
2003-12-18 07:15:00,-0.1,93,1021,0.8,1.5,250,20,9.6,0,NA,"Dec",2003,12,"Dec 2003"
2003-12-18 07:30:00,0,93,1022,1,1.7,236,12,29.5,0,NA,"Dec",2003,12,"Dec 2003"
2004-01-29 05:15:00,0,82,1023,0.4,1,244,15,36.4,0,NA,"Jan",2004,1,"Jan 2004"
2004-01-29 05:30:00,-0.2,85,1023,0.3,0.7,224,5,36.1,0,NA,"Jan",2004,1,"Jan 2004"
2004-01-29 05:45:00,-0.5,86,1022,0.4,0.7,234,0,35.2,0,NA,"Jan",2004,1,"Jan 2004"
2004-01-29 06:00:00,-0.7,88,1023,0.5,0.9,248,11,35.1,0,NA,"Jan",2004,1,"Jan 2004"
2004-01-29 06:15:00,-0.3,88,1023,1.2,2,275,10,35.9,0,NA,"Jan",2004,1,"Jan 2004"
2004-12-20 22:15:00,0,82,1026,0.4,0.8,213,14,NA,0,NA,"Dec",2004,12,"Dec 2004"
2004-12-20 22:30:00,-0.1,84,1026,0.5,0.9,249,33,NA,0,NA,"Dec",2004,12,"Dec 2004"
2004-12-20 22:45:00,-0.3,84,1026,0.5,0.8,232,17,NA,0,NA,"Dec",2004,12,"Dec 2004"
2004-12-20 23:00:00,-0.2,85,1026,0.8,1.2,245,7,NA,0,NA,"Dec",2004,12,"Dec 2004"
2004-12-20 23:15:00,0,86,1026,0.8,1.2,248,18,NA,0,NA,"Dec",2004,12,"Dec 2004"
2004-12-20 23:30:00,-0.2,86,1026,0.7,1.2,233,30,NA,0,NA,"Dec",2004,12,"Dec 2004"
2004-12-20 23:45:00,-0.1,88,1027,0.7,1.3,231,35,NA,0,NA,"Dec",2004,12,"Dec 2004"
2004-12-21,-0.5,88,1027,0.6,1.1,262,24,NA,0,NA,"Dec",2004,12,"Dec 2004"
2004-12-21 00:15:00,-0.5,89,1027,0.3,0.8,259,63,NA,0,NA,"Dec",2004,12,"Dec 2004"
2004-12-21 00:30:00,-0.6,89,1026,0.4,0.8,250,21,NA,0,NA,"Dec",2004,12,"Dec 2004"
2004-12-21 00:45:00,-0.5,90,1026,0.3,0.6,232,7,NA,0,NA,"Dec",2004,12,"Dec 2004"
2004-12-21 01:00:00,-0.5,90,1026,0.4,0.7,219,8,NA,0,NA,"Dec",2004,12,"Dec 2004"
2004-12-21 01:15:00,-0.4,90,1026,0.2,0.6,219,1,NA,0,NA,"Dec",2004,12,"Dec 2004"
2004-12-21 01:30:00,-0.2,90,1026,0.2,0.6,229,6,NA,0,NA,"Dec",2004,12,"Dec 2004"
2004-12-21 01:45:00,-0.1,91,1026,0.3,0.8,230,9,NA,0,NA,"Dec",2004,12,"Dec 2004"
2004-12-21 02:00:00,-0.2,91,1026,0.4,0.7,233,17,NA,0,NA,"Dec",2004,12,"Dec 2004"
2004-12-21 02:15:00,-0.2,91,1026,0.5,1,247,29,NA,0,NA,"Dec",2004,12,"Dec 2004"
2004-12-21 02:30:00,-0.2,91,1026,0.4,0.7,252,31,NA,0,NA,"Dec",2004,12,"Dec 2004"
2004-12-21 02:45:00,-0.1,91,1026,0.4,0.8,240,20,NA,0,NA,"Dec",2004,12,"Dec 2004"
2004-12-21 03:00:00,-0.2,91,1026,0.4,0.7,256,10,NA,0,NA,"Dec",2004,12,"Dec 2004"
2004-12-21 03:15:00,-0.2,91,1026,0.5,1.1,246,12,NA,0,NA,"Dec",2004,12,"Dec 2004"
2004-12-21 03:30:00,0,91,1026,0.5,0.9,254,8,NA,0,NA,"Dec",2004,12,"Dec 2004"
2005-01-24 03:15:00,0,51,1026,2.6,5.5,304,20,NA,0,NA,"Jan",2005,1,"Jan 2005"
2005-01-24 03:30:00,-0.1,52,1026,2.9,5.6,306,18,NA,0,NA,"Jan",2005,1,"Jan 2005"
2005-01-24 03:45:00,-0.2,53,1026,2.4,4.9,306,20,NA,0,NA,"Jan",2005,1,"Jan 2005"
2005-01-24 04:00:00,-0.3,55,1026,2.7,5,302,19,NA,0,NA,"Jan",2005,1,"Jan 2005"
2005-01-24 04:15:00,-0.4,56,1026,2.7,5.1,307,20,NA,0,NA,"Jan",2005,1,"Jan 2005"
2005-01-24 04:30:00,-0.4,55,1026,3.2,5.7,317,16,NA,0,NA,"Jan",2005,1,"Jan 2005"
2005-01-24 04:45:00,-0.5,55,1026,2.6,4.3,310,21,NA,0,NA,"Jan",2005,1,"Jan 2005"
2005-01-24 05:00:00,-0.6,56,1027,3,6,310,20,NA,0,NA,"Jan",2005,1,"Jan 2005"
2005-01-24 05:15:00,-0.7,56,1027,3.1,5.4,310,20,NA,0,NA,"Jan",2005,1,"Jan 2005"
2005-01-24 05:30:00,-0.8,57,1027,2.9,5.2,308,23,NA,0,NA,"Jan",2005,1,"Jan 2005"
2005-01-24 05:45:00,-0.9,58,1027,2.9,5.4,307,19,NA,0,NA,"Jan",2005,1,"Jan 2005"
2005-01-24 06:00:00,-1,59,1027,2.8,5.8,313,19,NA,0,NA,"Jan",2005,1,"Jan 2005"
2005-01-24 06:15:00,-1,61,1027,2.3,4.7,304,19,NA,0,NA,"Jan",2005,1,"Jan 2005"
2005-01-24 06:30:00,-1.1,62,1027,2.7,5.4,304,19,NA,0,NA,"Jan",2005,1,"Jan 2005"
2005-01-24 06:45:00,-1.1,63,1028,2.6,4.5,306,19,NA,0,NA,"Jan",2005,1,"Jan 2005"
2005-01-24 07:00:00,-1.1,65,1028,2.7,4.8,310,17,0.1,0,NA,"Jan",2005,1,"Jan 2005"
2005-01-24 07:15:00,-1.1,66,1028,2.7,4.5,302,19,2.4,0,NA,"Jan",2005,1,"Jan 2005"
2005-01-24 07:30:00,-1.1,67,1028,2.6,4.8,304,21,16.3,0,NA,"Jan",2005,1,"Jan 2005"
2005-01-24 07:45:00,-1.2,68,1028,2.5,4.1,299,21,45.1,0,NA,"Jan",2005,1,"Jan 2005"
2005-01-24 08:00:00,-1,68,1028,2.6,5.3,300,20,99.7,0,NA,"Jan",2005,1,"Jan 2005"
2005-01-24 08:15:00,-0.4,66,1029,2.6,5.4,308,21,216.2,0,NA,"Jan",2005,1,"Jan 2005"
2006-01-08 03:30:00,0,95,1023,0.5,1,218,10,NA,0,NA,"Jan",2006,1,"Jan 2006"
2006-02-13 00:45:00,-0.8,83,1022,0.6,1.2,242,9,NA,0,NA,"Feb",2006,2,"Feb 2006"
2006-02-13 01:00:00,-1.1,86,1022,0.5,0.9,262,19,NA,0,NA,"Feb",2006,2,"Feb 2006"
2006-02-13 01:15:00,-1.2,87,1022,0.5,0.8,235,5,NA,0,NA,"Feb",2006,2,"Feb 2006"
2006-02-13 01:30:00,-1.5,88,1022,0.6,1.1,238,7,0,0,NA,"Feb",2006,2,"Feb 2006"
2006-02-13 01:45:00,-1.3,88,1022,1,1.8,237,8,0,0,NA,"Feb",2006,2,"Feb 2006"
2006-02-13 02:00:00,-0.9,86,1022,1,1.9,243,10,0,0,NA,"Feb",2006,2,"Feb 2006"
2006-02-13 02:15:00,-0.9,86,1022,1.1,2.1,243,9,0,0,NA,"Feb",2006,2,"Feb 2006"
2006-02-13 02:30:00,-0.7,85,1022,1,1.8,266,18,0,0,NA,"Feb",2006,2,"Feb 2006"
2006-02-13 02:45:00,-0.8,85,1022,0.5,0.9,258,13,0,0,NA,"Feb",2006,2,"Feb 2006"
2006-02-13 03:00:00,-1.1,86,1022,0.6,1,248,10,0,0,NA,"Feb",2006,2,"Feb 2006"
2006-02-13 03:15:00,-1.4,87,1022,0.7,1.2,247,8,0,0,NA,"Feb",2006,2,"Feb 2006"
2006-02-13 03:30:00,-1.4,88,1022,0.9,1.5,253,12,0,0,NA,"Feb",2006,2,"Feb 2006"
2006-02-13 03:45:00,-1,85,1022,1,1.7,239,8,0,0,NA,"Feb",2006,2,"Feb 2006"
2006-02-13 04:00:00,-1.3,86,1022,0.5,0.9,269,14,0,0,NA,"Feb",2006,2,"Feb 2006"
2006-02-13 04:15:00,-1.5,87,1022,0.6,1,278,22,0,0,NA,"Feb",2006,2,"Feb 2006"
2006-02-13 04:30:00,-1.8,88,1022,0.6,1,258,18,0,0,NA,"Feb",2006,2,"Feb 2006"
2006-02-13 04:45:00,-1.9,89,1022,1,1.3,247,7,0,0,NA,"Feb",2006,2,"Feb 2006"
2006-02-13 05:00:00,-1.8,90,1023,1,1.4,246,9,0,0,NA,"Feb",2006,2,"Feb 2006"
2006-02-13 05:15:00,-1.8,90,1023,1.1,1.5,244,6,0,0,NA,"Feb",2006,2,"Feb 2006"
2006-02-13 05:30:00,-2.1,91,1023,1,1.6,249,6,0,0,NA,"Feb",2006,2,"Feb 2006"
2006-02-13 05:45:00,-2,92,1023,1,1.3,266,14,0,0,NA,"Feb",2006,2,"Feb 2006"
2006-02-13 06:00:00,-1.8,91,1023,1,1.7,259,11,0,0,NA,"Feb",2006,2,"Feb 2006"
2006-02-13 06:15:00,-1.8,91,1023,0.3,0.7,256,25,0,0,NA,"Feb",2006,2,"Feb 2006"
2006-02-13 06:30:00,-2.1,91,1023,0.9,1.3,240,10,0,0,NA,"Feb",2006,2,"Feb 2006"
2006-02-13 06:45:00,-2.3,92,1023,0.8,1.2,264,9,0,0,NA,"Feb",2006,2,"Feb 2006"
2006-02-13 07:00:00,-2.2,93,1023,0.7,1.2,263,14,1.6,0,NA,"Feb",2006,2,"Feb 2006"
2006-02-13 07:15:00,-2.3,93,1024,1.2,2,248,5,14,0,NA,"Feb",2006,2,"Feb 2006"
2006-02-13 07:30:00,-1.7,92,1024,1.7,2.3,247,7,54.1,0,NA,"Feb",2006,2,"Feb 2006"
2006-02-13 07:45:00,-0.9,89,1024,1.5,2.3,253,9,132.3,0,NA,"Feb",2006,2,"Feb 2006"
2006-02-13 08:00:00,-0.2,86,1024,1.2,2,260,12,215.8,0,NA,"Feb",2006,2,"Feb 2006"
2006-02-14,-0.2,81,1027,0.2,0.6,238,4,NA,0,NA,"Feb",2006,2,"Feb 2006"
2006-02-14 00:15:00,-0.4,83,1027,0.5,1.3,246,19,NA,0,NA,"Feb",2006,2,"Feb 2006"
2006-02-14 00:30:00,-0.2,84,1027,0.5,0.8,258,14,NA,0,NA,"Feb",2006,2,"Feb 2006"
2006-02-14 00:45:00,0,83,1027,0.6,1,252,10,NA,0,NA,"Feb",2006,2,"Feb 2006"
2006-02-14 01:00:00,-0.3,84,1027,0.8,1.1,257,11,NA,0,NA,"Feb",2006,2,"Feb 2006"
2006-02-14 01:15:00,-0.4,85,1027,1,1.4,261,8,NA,0,NA,"Feb",2006,2,"Feb 2006"
2006-02-14 01:30:00,-0.3,85,1027,1.2,1.7,258,5,NA,0,NA,"Feb",2006,2,"Feb 2006"
2006-02-14 01:45:00,-0.2,83,1027,1.2,1.7,264,8,NA,0,NA,"Feb",2006,2,"Feb 2006"
2006-02-14 02:00:00,-0.4,83,1028,1.2,1.8,253,12,NA,0,NA,"Feb",2006,2,"Feb 2006"
2006-02-14 02:15:00,-0.5,83,1028,1.5,2,244,7,NA,0,NA,"Feb",2006,2,"Feb 2006"
2006-02-14 02:30:00,-0.7,83,1028,1.3,1.8,240,8,NA,0,NA,"Feb",2006,2,"Feb 2006"
2006-02-14 02:45:00,-1,84,1028,0.6,1.3,248,18,NA,0,NA,"Feb",2006,2,"Feb 2006"
2006-02-14 03:00:00,-1.1,85,1027,0.3,1,185,37,NA,0,NA,"Feb",2006,2,"Feb 2006"
2006-02-14 03:15:00,-1.8,87,1027,0.6,1.2,244,28,NA,0,NA,"Feb",2006,2,"Feb 2006"
2006-02-14 03:30:00,-2.1,89,1027,0.2,0.7,227,36,NA,0,NA,"Feb",2006,2,"Feb 2006"
2006-02-14 03:45:00,-2.2,90,1027,0.4,1.9,242,14,0,0,NA,"Feb",2006,2,"Feb 2006"
2006-02-14 04:00:00,-1.7,91,1027,0.8,1.7,245,23,0,0,NA,"Feb",2006,2,"Feb 2006"
2006-02-14 04:15:00,-1.7,91,1027,0.7,2.5,218,48,0,0,NA,"Feb",2006,2,"Feb 2006"
2006-02-14 04:30:00,-2.1,91,1028,0.3,1,218,19,0,0,NA,"Feb",2006,2,"Feb 2006"
2006-02-14 04:45:00,-1.7,91,1028,1.3,2.1,238,54,0,0,NA,"Feb",2006,2,"Feb 2006"
2006-02-14 05:00:00,-1.7,90,1028,1,2,231,43,0,0,NA,"Feb",2006,2,"Feb 2006"
2006-02-14 05:15:00,-1.3,90,1028,1.5,2.7,251,9,0,0,NA,"Feb",2006,2,"Feb 2006"
2006-02-14 05:30:00,-1.3,88,1028,0.6,1.8,226,26,0,0,NA,"Feb",2006,2,"Feb 2006"
2006-02-14 05:45:00,-1.6,89,1028,1.1,2.3,259,20,0,0,NA,"Feb",2006,2,"Feb 2006"
2006-02-14 06:00:00,-1.5,89,1028,1.2,1.9,249,24,0,0,NA,"Feb",2006,2,"Feb 2006"
2006-02-14 06:15:00,-1.5,89,1028,0.7,1.8,256,44,0,0,NA,"Feb",2006,2,"Feb 2006"
2006-02-14 06:30:00,-1.4,89,1028,0.7,1.7,219,70,0,0,NA,"Feb",2006,2,"Feb 2006"
2006-02-14 06:45:00,-1.6,90,1028,1.6,2.4,261,8,0,0,NA,"Feb",2006,2,"Feb 2006"
2006-02-14 07:00:00,-1.5,88,1028,0.5,2.3,199,34,1.9,0,NA,"Feb",2006,2,"Feb 2006"
2006-02-14 07:15:00,-2.3,90,1028,0.3,0.8,238,23,15.7,0,NA,"Feb",2006,2,"Feb 2006"
2006-02-14 07:30:00,-2.3,91,1029,0.3,1.2,242,29,60.6,0,NA,"Feb",2006,2,"Feb 2006"
2006-02-14 07:45:00,-0.8,90,1029,1.6,2.2,267,10,146.1,0,NA,"Feb",2006,2,"Feb 2006"
2007-01-30 00:15:00,-0.3,94,1024,0.1,NA,206,NA,0,0,NA,"Jan",2007,1,"Jan 2007"
2007-01-30 00:30:00,-0.6,95,1024,0.6,NA,219,NA,0,0,NA,"Jan",2007,1,"Jan 2007"
2007-01-30 00:45:00,-0.7,95,1024,0.4,NA,226,NA,0,0,NA,"Jan",2007,1,"Jan 2007"
2007-01-30 01:00:00,-0.9,95,1023,0.5,NA,230,NA,0,0,NA,"Jan",2007,1,"Jan 2007"
2007-01-30 01:15:00,-1,96,1023,0.5,NA,245,NA,0,0,NA,"Jan",2007,1,"Jan 2007"
2007-01-30 01:30:00,-1.2,96,1023,0.6,NA,245,NA,0,0,NA,"Jan",2007,1,"Jan 2007"
2007-01-30 01:45:00,-1.2,96,1023,0.4,NA,250,NA,0,0,NA,"Jan",2007,1,"Jan 2007"
2007-01-30 02:00:00,-1.5,96,1023,0.2,NA,247,NA,0,0,NA,"Jan",2007,1,"Jan 2007"
2007-01-30 02:15:00,-1.5,97,1023,0.1,NA,245,NA,0,0,NA,"Jan",2007,1,"Jan 2007"
2007-01-30 02:30:00,-1.1,97,1023,0,NA,245,NA,0,0,NA,"Jan",2007,1,"Jan 2007"
2007-01-30 02:45:00,-0.7,97,1022,0.2,NA,232,NA,0,0,NA,"Jan",2007,1,"Jan 2007"
2007-01-30 03:00:00,-0.5,97,1023,0,NA,209,NA,0,0,NA,"Jan",2007,1,"Jan 2007"
2007-01-30 03:15:00,-0.3,97,1023,0.1,NA,209,NA,0,0,NA,"Jan",2007,1,"Jan 2007"
2007-01-30 03:30:00,-0.1,97,1023,0,NA,209,NA,0,0,NA,"Jan",2007,1,"Jan 2007"
2007-01-30 04:00:00,0,97,1022,0.3,NA,263,NA,0,0,NA,"Jan",2007,1,"Jan 2007"
2007-01-30 04:15:00,-0.2,97,1022,0.2,NA,274,NA,0,0,NA,"Jan",2007,1,"Jan 2007"
2007-01-30 04:30:00,-0.3,97,1022,0.8,NA,247,NA,0,0,NA,"Jan",2007,1,"Jan 2007"
2007-01-30 04:45:00,-0.1,97,1022,1,NA,266,NA,0,0,NA,"Jan",2007,1,"Jan 2007"
2007-01-30 05:30:00,0,95,1022,0.9,NA,258,NA,0,0,NA,"Jan",2007,1,"Jan 2007"
2007-01-30 05:45:00,0,96,1023,0.2,NA,257,NA,0,0,NA,"Jan",2007,1,"Jan 2007"
2007-02-17 06:45:00,0,80,1019,1.6,NA,263,NA,0,0,NA,"Feb",2007,2,"Feb 2007"
2007-02-17 07:00:00,-0.2,81,1019,1.5,NA,267,NA,0,0,NA,"Feb",2007,2,"Feb 2007"
2007-02-17 07:15:00,-0.2,82,1019,1.6,NA,268,NA,0,0,NA,"Feb",2007,2,"Feb 2007"
2007-02-19 04:45:00,-0.2,81,1025,0.9,NA,265,NA,0,0,NA,"Feb",2007,2,"Feb 2007"
2008-01-03 00:45:00,0,44,1034,3.3,NA,314,NA,0,0,NA,"Jan",2008,1,"Jan 2008"
2008-01-03 01:00:00,-0.2,45,1034,3.3,NA,315,NA,0,0,NA,"Jan",2008,1,"Jan 2008"
2008-01-03 01:15:00,-0.3,46,1034,3.1,NA,316,NA,0,0,NA,"Jan",2008,1,"Jan 2008"
2008-01-03 01:30:00,-0.4,47,1034,3.1,NA,317,NA,0,0,NA,"Jan",2008,1,"Jan 2008"
2008-01-03 01:45:00,-0.4,47,1034,3.4,NA,318,NA,0,0,NA,"Jan",2008,1,"Jan 2008"
2008-01-03 02:00:00,-0.5,48,1034,3.3,NA,319,NA,0,0,NA,"Jan",2008,1,"Jan 2008"
2008-01-03 02:15:00,-0.6,49,1034,3.2,NA,318,NA,0,0,NA,"Jan",2008,1,"Jan 2008"
2008-01-03 02:30:00,-0.8,49,1034,3.2,NA,313,NA,0,0,NA,"Jan",2008,1,"Jan 2008"
2008-01-03 02:45:00,-0.9,50,1034,3.1,NA,317,NA,0,0,NA,"Jan",2008,1,"Jan 2008"
2008-01-03 03:00:00,-1,51,1034,3,NA,319,NA,0,0,NA,"Jan",2008,1,"Jan 2008"
2008-01-03 03:15:00,-1.1,52,1034,3.3,NA,317,NA,0,0,NA,"Jan",2008,1,"Jan 2008"
2008-01-03 03:30:00,-1.2,54,1034,3,NA,314,NA,0,0,NA,"Jan",2008,1,"Jan 2008"
2008-01-03 03:45:00,-1.2,55,1034,3,NA,315,NA,0,0,NA,"Jan",2008,1,"Jan 2008"
2008-01-03 04:00:00,-1.2,55,1034,3.1,NA,313,NA,0,0,NA,"Jan",2008,1,"Jan 2008"
2008-01-03 04:15:00,-1.3,56,1034,2.8,NA,318,NA,0,0,NA,"Jan",2008,1,"Jan 2008"
2008-01-03 04:30:00,-1.4,57,1034,2.7,NA,317,NA,0,0,NA,"Jan",2008,1,"Jan 2008"
2008-01-03 04:45:00,-1.3,59,1034,2.8,NA,311,NA,0,0,NA,"Jan",2008,1,"Jan 2008"
2008-01-03 05:00:00,-1.2,60,1034,3.1,NA,307,NA,0,0,NA,"Jan",2008,1,"Jan 2008"
2008-01-03 05:15:00,-1.1,60,1034,3.3,NA,306,NA,0,0,NA,"Jan",2008,1,"Jan 2008"
2008-01-03 05:30:00,-1,60,1034,3.3,NA,304,NA,0,0,NA,"Jan",2008,1,"Jan 2008"
2008-01-03 05:45:00,-1,61,1034,3.2,NA,303,NA,0,0,NA,"Jan",2008,1,"Jan 2008"
2008-01-03 06:00:00,-1,62,1035,2.9,NA,300,NA,0,0,NA,"Jan",2008,1,"Jan 2008"
2008-01-03 06:15:00,-1.1,63,1035,3,NA,294,NA,0,0,NA,"Jan",2008,1,"Jan 2008"
2008-01-03 06:30:00,-1.1,64,1035,2.8,NA,295,NA,0,0,NA,"Jan",2008,1,"Jan 2008"
2008-01-03 06:45:00,-1.1,65,1035,3.2,NA,296,NA,0,0,NA,"Jan",2008,1,"Jan 2008"
2008-01-03 07:00:00,-1,65,1035,3.3,NA,291,NA,0,0,NA,"Jan",2008,1,"Jan 2008"
2008-01-03 07:15:00,-1,66,1036,3.3,NA,292,NA,0,0,NA,"Jan",2008,1,"Jan 2008"
2008-01-03 07:30:00,-0.9,66,1036,3.3,NA,300,NA,0,0,NA,"Jan",2008,1,"Jan 2008"
2008-01-03 07:45:00,-0.9,67,1036,3.4,NA,299,NA,0,0,NA,"Jan",2008,1,"Jan 2008"
2008-01-03 08:00:00,-0.7,67,1036,3.1,NA,300,NA,18.4,0,NA,"Jan",2008,1,"Jan 2008"
2008-01-03 08:15:00,-0.5,68,1037,3.3,NA,304,NA,80.2,0,NA,"Jan",2008,1,"Jan 2008"
2008-01-03 08:30:00,-0.2,68,1037,3.3,NA,307,NA,120.8,0,NA,"Jan",2008,1,"Jan 2008"
2008-01-03 08:45:00,0,68,1037,3.3,NA,309,NA,161.3,0,NA,"Jan",2008,1,"Jan 2008"
2008-02-14 07:30:00,0,97,1023,0.8,NA,258,NA,7.7,0,NA,"Feb",2008,2,"Feb 2008"
2009-01-21 01:45:00,0,60,1019,1.2,2.2,286,15,0,0,NA,"Jan",2009,1,"Jan 2009"
2009-01-21 02:00:00,-0.3,62,1019,1.2,2.2,278,15,0,0,NA,"Jan",2009,1,"Jan 2009"
2009-01-21 02:15:00,-0.8,65,1019,1.1,2.6,274,13,0,0,NA,"Jan",2009,1,"Jan 2009"
2009-01-21 02:30:00,-0.8,64,1019,1.1,2.2,282,13,0,0,NA,"Jan",2009,1,"Jan 2009"
2009-01-21 02:45:00,-1.2,67,1019,0.8,1.5,276,15,0,0,NA,"Jan",2009,1,"Jan 2009"
2009-01-21 03:00:00,-1.8,71,1019,0.9,1.5,260,13,0,0,NA,"Jan",2009,1,"Jan 2009"
2009-01-21 03:15:00,-2.1,73,1019,0.8,1.5,260,14,0,0,NA,"Jan",2009,1,"Jan 2009"
2009-01-21 03:30:00,-2.2,74,1019,0.9,1.5,273,11,0,0,NA,"Jan",2009,1,"Jan 2009"
2009-01-21 03:45:00,-2.2,74,1020,1.1,2.3,282,14,0,0,NA,"Jan",2009,1,"Jan 2009"
2009-01-21 04:00:00,-1.8,71,1020,1.3,2.7,295,18,0,0,NA,"Jan",2009,1,"Jan 2009"
2009-01-21 04:15:00,-1.9,70,1020,1.2,2,285,13,0,0,NA,"Jan",2009,1,"Jan 2009"
2009-01-21 04:30:00,-2,71,1020,1.2,2.3,305,21,0,0,NA,"Jan",2009,1,"Jan 2009"
2009-01-21 04:45:00,-2,70,1020,1.4,2.7,314,16,0,0,NA,"Jan",2009,1,"Jan 2009"
2009-01-21 05:00:00,-2.3,72,1020,1.3,2.9,295,18,0,0,NA,"Jan",2009,1,"Jan 2009"
2009-01-21 05:15:00,-2.4,72,1021,1.4,2.5,299,20,0,0,NA,"Jan",2009,1,"Jan 2009"
2009-01-21 05:30:00,-2.3,71,1021,1.5,2.7,297,18,0,0,NA,"Jan",2009,1,"Jan 2009"
2009-01-21 05:45:00,-2.5,70,1021,1.3,2.5,286,14,0,0,NA,"Jan",2009,1,"Jan 2009"
2009-01-21 06:00:00,-2.8,72,1021,0.9,1.4,281,15,0,0,NA,"Jan",2009,1,"Jan 2009"
2009-01-21 06:15:00,-3.1,75,1021,0.8,1.5,271,13,0,0,NA,"Jan",2009,1,"Jan 2009"
2009-01-21 06:30:00,-3,76,1021,1.2,2.5,305,18,0,0,NA,"Jan",2009,1,"Jan 2009"
2009-01-21 06:45:00,-2.9,74,1021,1.5,3.2,309,19,0,0,NA,"Jan",2009,1,"Jan 2009"
2009-01-21 07:00:00,-3,73,1021,1.7,3.2,306,20,0,0,NA,"Jan",2009,1,"Jan 2009"
2009-01-21 07:15:00,-3.1,72,1022,1.7,2.9,304,17,0,0,NA,"Jan",2009,1,"Jan 2009"
2009-01-21 07:30:00,-3.2,72,1022,1.4,2.6,297,18,0,0,NA,"Jan",2009,1,"Jan 2009"
2009-01-21 07:45:00,-3,70,1022,1.6,3.3,304,16,34.1,0,NA,"Jan",2009,1,"Jan 2009"
2009-01-21 08:00:00,-2.7,68,1023,1.6,2.7,299,20,115.7,0,NA,"Jan",2009,1,"Jan 2009"
2009-01-21 08:15:00,-2.4,66,1023,1.7,3.6,295,21,171.1,0,NA,"Jan",2009,1,"Jan 2009"
2009-01-21 08:30:00,-2,65,1023,1.8,3.1,292,22,273.7,0,NA,"Jan",2009,1,"Jan 2009"
2009-01-21 08:45:00,-1.6,63,1023,2.3,4.1,315,21,335.6,0,NA,"Jan",2009,1,"Jan 2009"
2009-01-21 09:00:00,-1.2,60,1024,3,5.4,322,22,439.8,0,NA,"Jan",2009,1,"Jan 2009"
2009-01-21 09:15:00,-0.9,58,1024,3.4,5.8,330,22,501.2,0,NA,"Jan",2009,1,"Jan 2009"
2009-01-21 09:30:00,-0.5,55,1024,3.4,5.4,329,19,604.6,0,NA,"Jan",2009,1,"Jan 2009"
2009-01-21 09:45:00,-0.1,53,1024,3.2,5.5,331,19,675,0,NA,"Jan",2009,1,"Jan 2009"
2009-01-21 19:30:00,0,68,1023,0.7,0.8,245,6,0,0,NA,"Jan",2009,1,"Jan 2009"
2009-01-21 19:45:00,-0.3,69,1023,0.5,0.7,236,10,0,0,NA,"Jan",2009,1,"Jan 2009"
2009-01-21 20:00:00,-0.6,70,1023,0.3,0.6,248,14,0,0,NA,"Jan",2009,1,"Jan 2009"
2009-01-21 20:15:00,-0.9,72,1023,0.3,0.7,254,11,0,0,NA,"Jan",2009,1,"Jan 2009"
2009-01-21 20:30:00,-1.4,74,1023,0.8,1.2,232,7,0,0,NA,"Jan",2009,1,"Jan 2009"
2009-01-21 20:45:00,-1.7,75,1024,0.5,0.8,232,2,0,0,NA,"Jan",2009,1,"Jan 2009"
2009-01-21 21:00:00,-1.7,76,1024,0.5,0.8,240,8,0,0,NA,"Jan",2009,1,"Jan 2009"
2009-01-21 21:15:00,-1.7,78,1024,0.9,1.9,249,11,0,0,NA,"Jan",2009,1,"Jan 2009"
2009-01-21 21:30:00,-1.2,76,1024,1,2,244,13,0,0,NA,"Jan",2009,1,"Jan 2009"
2009-01-21 21:45:00,-1.6,77,1024,0.3,0.7,240,7,0,0,NA,"Jan",2009,1,"Jan 2009"
2009-01-21 22:00:00,-2,79,1024,0.4,0.7,214,32,0,0,NA,"Jan",2009,1,"Jan 2009"
2009-01-21 22:15:00,-2.2,81,1024,0.8,1.1,259,20,0,0,NA,"Jan",2009,1,"Jan 2009"
2009-01-21 22:30:00,-2.2,82,1024,0.5,0.9,241,8,0,0,NA,"Jan",2009,1,"Jan 2009"
2009-01-21 22:45:00,-2.4,83,1024,0.7,1.5,258,7,0,0,NA,"Jan",2009,1,"Jan 2009"
2009-01-21 23:00:00,-2.1,83,1024,0.9,1.1,266,8,0,0,NA,"Jan",2009,1,"Jan 2009"
2009-01-21 23:15:00,-1.9,82,1024,0.7,1.1,256,5,0,0,NA,"Jan",2009,1,"Jan 2009"
2009-01-21 23:30:00,-1.8,79,1024,0.9,1.2,251,12,0,0,NA,"Jan",2009,1,"Jan 2009"
2009-01-21 23:45:00,-1,75,1024,0.9,1.5,264,16,0,0,NA,"Jan",2009,1,"Jan 2009"
2009-01-22,-1.3,75,1024,0.9,1.4,250,30,0,0,NA,"Jan",2009,1,"Jan 2009"
2009-01-22 00:15:00,-1.7,78,1024,0.6,0.9,212,30,0,0,NA,"Jan",2009,1,"Jan 2009"
2009-01-22 00:30:00,-2.3,80,1024,0.6,1.1,221,26,0,0,NA,"Jan",2009,1,"Jan 2009"
2009-01-22 00:45:00,-2.6,83,1024,0.2,0.8,227,49,0,0,NA,"Jan",2009,1,"Jan 2009"
2009-01-22 01:00:00,-3.1,84,1024,0.7,1.7,256,17,0,0,NA,"Jan",2009,1,"Jan 2009"
2009-01-22 01:15:00,-2.7,83,1024,1.3,2.6,246,10,0,0,NA,"Jan",2009,1,"Jan 2009"
2009-01-22 01:30:00,-1.8,79,1024,0.7,1.8,188,58,0,0,NA,"Jan",2009,1,"Jan 2009"
2009-01-22 01:45:00,-2.5,81,1024,0.3,0.7,220,12,0,0,NA,"Jan",2009,1,"Jan 2009"
2009-01-22 02:00:00,-3.3,84,1024,0.3,1,228,20,0,0,NA,"Jan",2009,1,"Jan 2009"
2009-01-22 02:15:00,-3.6,87,1024,1.1,1.3,265,7,0,0,NA,"Jan",2009,1,"Jan 2009"
2009-01-22 02:30:00,-2.9,86,1024,1.3,2,248,13,0,0,NA,"Jan",2009,1,"Jan 2009"
2009-01-22 02:45:00,-2.1,83,1024,0.6,1.2,188,62,0,0,NA,"Jan",2009,1,"Jan 2009"
2009-01-22 03:00:00,-2.7,84,1024,0.9,1.6,257,12,0,0,NA,"Jan",2009,1,"Jan 2009"
2009-01-22 03:15:00,-2.2,84,1024,1.1,1.9,213,57,0,0,NA,"Jan",2009,1,"Jan 2009"
2009-01-22 03:30:00,-2.6,84,1024,1.2,2,268,15,0,0,NA,"Jan",2009,1,"Jan 2009"
2009-01-22 03:45:00,-2.3,83,1024,1.1,1.7,257,11,0,0,NA,"Jan",2009,1,"Jan 2009"
2009-01-22 04:00:00,-2.5,83,1024,0.4,1,260,13,0,0,NA,"Jan",2009,1,"Jan 2009"
2009-01-22 04:15:00,-2.9,85,1024,0.6,1.2,257,7,0,0,NA,"Jan",2009,1,"Jan 2009"
2009-01-22 04:30:00,-3.1,87,1024,0.7,1.4,262,10,0,0,NA,"Jan",2009,1,"Jan 2009"
2009-01-22 04:45:00,-2.9,87,1024,0.7,1.2,257,10,0,0,NA,"Jan",2009,1,"Jan 2009"
2009-01-22 05:00:00,-3,88,1024,1,1.3,258,8,0,0,NA,"Jan",2009,1,"Jan 2009"
2009-01-22 05:15:00,-2.9,88,1024,1,1.6,257,6,0,0,NA,"Jan",2009,1,"Jan 2009"
2009-01-22 05:30:00,-2.5,87,1024,1.3,2.4,247,10,0,0,NA,"Jan",2009,1,"Jan 2009"
2009-01-22 05:45:00,-2,83,1024,2.2,3.2,258,8,0,0,NA,"Jan",2009,1,"Jan 2009"
2009-01-22 06:00:00,-1.6,80,1025,1.8,2.7,265,12,0,0,NA,"Jan",2009,1,"Jan 2009"
2009-01-22 06:15:00,-1.6,79,1025,1.8,2.6,263,10,0,0,NA,"Jan",2009,1,"Jan 2009"
2009-01-22 06:30:00,-1.7,80,1025,1.8,2.9,264,9,0,0,NA,"Jan",2009,1,"Jan 2009"
2009-01-22 06:45:00,-1.6,81,1025,2,3,267,8,0,0,NA,"Jan",2009,1,"Jan 2009"
2009-01-22 07:00:00,-1.5,80,1025,2.1,3,262,10,0,0,NA,"Jan",2009,1,"Jan 2009"
2009-01-22 07:15:00,-1.6,81,1025,2.1,3,264,9,0,0,NA,"Jan",2009,1,"Jan 2009"
2009-01-22 07:30:00,-1.3,80,1026,2,2.9,264,11,0,0,NA,"Jan",2009,1,"Jan 2009"
2009-01-22 07:45:00,-1,80,1026,1.8,2.5,263,9,36.6,0,NA,"Jan",2009,1,"Jan 2009"
2009-01-22 08:00:00,-0.5,80,1026,1.8,2.7,274,12,121,0,NA,"Jan",2009,1,"Jan 2009"
2009-01-23 02:00:00,-0.2,84,1024,0.4,0.8,236,25,0,0,NA,"Jan",2009,1,"Jan 2009"
2009-01-23 02:15:00,-0.6,86,1025,0.4,1.1,220,22,0,0,NA,"Jan",2009,1,"Jan 2009"
2009-01-23 02:30:00,-0.2,88,1025,0.4,1.6,235,13,0,0,NA,"Jan",2009,1,"Jan 2009"
2009-01-23 03:15:00,-0.3,88,1024,0.4,1.1,245,7,0,0,NA,"Jan",2009,1,"Jan 2009"
2009-01-23 03:30:00,-0.8,89,1024,0.1,0.6,211,2,0,0,NA,"Jan",2009,1,"Jan 2009"
2009-01-23 03:45:00,-0.9,90,1024,0.3,0.8,253,13,0,0,NA,"Jan",2009,1,"Jan 2009"
2009-01-23 04:00:00,-1.3,92,1024,0.7,1.3,270,9,0,0,NA,"Jan",2009,1,"Jan 2009"
2009-01-23 04:15:00,-0.7,93,1024,0.8,1.4,245,18,0,0,NA,"Jan",2009,1,"Jan 2009"
2009-01-23 04:30:00,-1,93,1024,0.2,0.6,269,41,0,0,NA,"Jan",2009,1,"Jan 2009"
2009-01-23 04:45:00,-1.3,94,1025,0.1,0.5,205,3,0,0,NA,"Jan",2009,1,"Jan 2009"
2009-01-23 05:00:00,-1.5,94,1025,0,0.3,223,0,0,0,NA,"Jan",2009,1,"Jan 2009"
2009-01-23 05:15:00,-1.5,95,1025,0.4,0.8,243,9,0,0,NA,"Jan",2009,1,"Jan 2009"
2009-01-23 05:30:00,-0.9,96,1025,0.9,1.4,264,6,0,0,NA,"Jan",2009,1,"Jan 2009"
2009-01-23 05:45:00,-0.6,95,1025,0.5,1.2,235,16,0,0,NA,"Jan",2009,1,"Jan 2009"
2009-01-23 06:00:00,-0.9,95,1025,0.2,0.6,213,8,0,0,NA,"Jan",2009,1,"Jan 2009"
2009-01-23 06:15:00,-1.2,95,1025,0.3,0.6,227,0,0,0,NA,"Jan",2009,1,"Jan 2009"
2009-01-23 06:30:00,-1.2,95,1025,0.4,0.7,238,7,0,0,NA,"Jan",2009,1,"Jan 2009"
2009-01-23 06:45:00,-1.3,96,1025,0.2,0.6,217,8,0,0,NA,"Jan",2009,1,"Jan 2009"
2009-01-23 07:00:00,-1,96,1026,0.3,1.4,194,17,0,0,NA,"Jan",2009,1,"Jan 2009"
2009-01-23 07:15:00,-0.2,97,1026,0.4,1.1,235,27,0,0,NA,"Jan",2009,1,"Jan 2009"
2009-02-04 23:15:00,0,49,1032,2.1,3.7,307,17,0,0,NA,"Feb",2009,2,"Feb 2009"
2009-02-04 23:30:00,-0.3,51,1032,1.8,3.2,298,17,0,0,NA,"Feb",2009,2,"Feb 2009"
2009-02-04 23:45:00,-0.6,52,1031,1.8,3.1,293,16,0,0,NA,"Feb",2009,2,"Feb 2009"
2009-02-05,-1,54,1031,1.5,2.4,283,15,0,0,NA,"Feb",2009,2,"Feb 2009"
2009-02-05 00:15:00,-1.2,55,1031,1.5,3,286,16,0,0,NA,"Feb",2009,2,"Feb 2009"
2009-02-05 00:30:00,-1.4,56,1031,1.5,2.7,294,14,0,0,NA,"Feb",2009,2,"Feb 2009"
2009-02-05 00:45:00,-1.3,56,1031,1.9,3.2,294,15,0,0,NA,"Feb",2009,2,"Feb 2009"
2009-02-05 01:00:00,-1.2,57,1031,1.9,3.3,303,16,0,0,NA,"Feb",2009,2,"Feb 2009"
2009-02-05 01:15:00,-1.3,57,1031,1.7,3.2,305,18,0,0,NA,"Feb",2009,2,"Feb 2009"
2009-02-05 01:30:00,-1.5,59,1031,1.7,2.8,302,18,0,0,NA,"Feb",2009,2,"Feb 2009"
2009-02-05 01:45:00,-1.7,60,1031,1.8,3.4,304,18,0,0,NA,"Feb",2009,2,"Feb 2009"
2009-02-05 02:00:00,-1.7,60,1031,1.6,2.9,305,20,0,0,NA,"Feb",2009,2,"Feb 2009"
2009-02-05 02:15:00,-1.9,61,1031,1.6,3.1,293,17,0,0,NA,"Feb",2009,2,"Feb 2009"
2009-02-05 02:30:00,-1.9,60,1032,1.7,3.6,291,18,0,0,NA,"Feb",2009,2,"Feb 2009"
2009-02-05 02:45:00,-1.8,59,1032,2.3,4.1,297,20,0,0,NA,"Feb",2009,2,"Feb 2009"
2009-02-05 03:00:00,-1.7,58,1032,2.1,4.5,305,21,0,0,NA,"Feb",2009,2,"Feb 2009"
2009-02-05 03:15:00,-2,60,1032,2,3.4,300,17,0,0,NA,"Feb",2009,2,"Feb 2009"
2009-02-05 03:30:00,-2.1,59,1032,2.5,4.9,318,20,0,0,NA,"Feb",2009,2,"Feb 2009"
2009-02-05 03:45:00,-2.1,57,1032,2.5,4.6,320,19,0,0,NA,"Feb",2009,2,"Feb 2009"
2009-02-05 04:00:00,-2,55,1032,2.2,4.1,314,19,0,0,NA,"Feb",2009,2,"Feb 2009"
2009-02-05 04:15:00,-1.9,53,1032,2.5,4.7,317,17,0,0,NA,"Feb",2009,2,"Feb 2009"
2009-02-05 04:30:00,-1.9,52,1032,2.3,4.3,311,18,0,0,NA,"Feb",2009,2,"Feb 2009"
2009-02-05 04:45:00,-1.9,51,1032,2.3,4.3,301,20,0,0,NA,"Feb",2009,2,"Feb 2009"
2009-02-05 05:00:00,-2.2,52,1032,2.1,3.4,291,19,0,0,NA,"Feb",2009,2,"Feb 2009"
2009-02-05 05:15:00,-2.4,53,1032,2.4,4.2,292,20,0,0,NA,"Feb",2009,2,"Feb 2009"
2009-02-05 05:30:00,-2.4,55,1032,2.3,4.1,299,18,0,0,NA,"Feb",2009,2,"Feb 2009"
2009-02-05 05:45:00,-2.5,55,1032,2.6,5.4,304,20,0,0,NA,"Feb",2009,2,"Feb 2009"
2009-02-05 06:00:00,-2.3,51,1033,2.9,5.1,311,20,0,0,NA,"Feb",2009,2,"Feb 2009"
2009-02-05 06:15:00,-2.4,52,1033,2.7,5.2,305,20,0,0,NA,"Feb",2009,2,"Feb 2009"
2009-02-05 06:30:00,-2.5,52,1033,2.6,5.3,308,20,0,0,NA,"Feb",2009,2,"Feb 2009"
2009-02-05 06:45:00,-2.5,52,1033,2.5,4.4,303,21,0,0,NA,"Feb",2009,2,"Feb 2009"
2009-02-05 07:00:00,-2.6,52,1033,2.6,4.6,313,21,0,0,NA,"Feb",2009,2,"Feb 2009"
2009-02-05 07:15:00,-2.6,53,1033,2.6,4.8,308,20,0,0,NA,"Feb",2009,2,"Feb 2009"
2009-02-05 07:30:00,-2.7,53,1033,2.6,4.9,312,17,1.3,0,NA,"Feb",2009,2,"Feb 2009"
2009-02-05 07:45:00,-2.4,52,1033,2.5,4.7,312,21,85.9,0,NA,"Feb",2009,2,"Feb 2009"
2009-02-05 08:00:00,-2.1,51,1033,2.6,5.5,319,19,152.3,0,NA,"Feb",2009,2,"Feb 2009"
2009-02-05 08:15:00,-1.7,49,1034,2.5,4.7,318,19,251.9,0,NA,"Feb",2009,2,"Feb 2009"
2009-02-05 08:30:00,-1.2,47,1034,2.9,5.5,322,19,320.4,0,NA,"Feb",2009,2,"Feb 2009"
2009-02-05 08:45:00,-0.8,46,1034,2.9,5.3,325,19,427.8,0,NA,"Feb",2009,2,"Feb 2009"
2009-02-05 09:00:00,-0.1,47,1034,2.8,5.8,328,22,496.8,0,NA,"Feb",2009,2,"Feb 2009"
2009-02-05 20:00:00,-0.5,84,1034,0.7,1.1,239,9,0,0,NA,"Feb",2009,2,"Feb 2009"
2009-02-05 20:15:00,-0.8,86,1034,0.5,0.9,223,26,0,0,NA,"Feb",2009,2,"Feb 2009"
2009-02-05 20:30:00,-1.2,88,1034,0.8,1.1,240,15,0,0,NA,"Feb",2009,2,"Feb 2009"
2009-02-05 20:45:00,-1.4,89,1034,0.7,1.2,251,32,0,0,NA,"Feb",2009,2,"Feb 2009"
2009-02-05 21:00:00,-1.4,90,1034,0.5,1,248,12,0,0,NA,"Feb",2009,2,"Feb 2009"
2009-02-05 21:15:00,-1.7,91,1034,0.4,0.8,210,23,0,0,NA,"Feb",2009,2,"Feb 2009"
2009-02-05 21:30:00,-1.9,92,1034,0.6,1.1,254,20,0,0,NA,"Feb",2009,2,"Feb 2009"
2009-02-05 21:45:00,-2,92,1034,0.6,1.1,246,37,0,0,NA,"Feb",2009,2,"Feb 2009"
2009-02-05 22:00:00,-2.1,93,1034,0.3,0.7,216,23,0,0,NA,"Feb",2009,2,"Feb 2009"
2009-02-05 22:15:00,-2.3,93,1035,0.5,0.7,254,7,0,0,NA,"Feb",2009,2,"Feb 2009"
2009-02-05 22:30:00,-2.3,94,1035,0.4,0.7,228,28,0,0,NA,"Feb",2009,2,"Feb 2009"
2009-02-05 22:45:00,-2.3,94,1035,0.4,0.8,230,16,0,0,NA,"Feb",2009,2,"Feb 2009"
2009-02-05 23:00:00,-2.4,94,1035,0.4,0.8,242,19,0,0,NA,"Feb",2009,2,"Feb 2009"
2009-02-05 23:15:00,-2.4,95,1035,0.4,0.8,244,31,0,0,NA,"Feb",2009,2,"Feb 2009"
2009-02-05 23:30:00,-2.2,95,1035,0.7,1,252,9,0,0,NA,"Feb",2009,2,"Feb 2009"
2009-02-05 23:45:00,-2.1,95,1035,0.4,0.8,179,35,0,0,NA,"Feb",2009,2,"Feb 2009"
2009-02-06,-2.2,95,1035,0.8,1.1,260,4,0,0,NA,"Feb",2009,2,"Feb 2009"
2009-02-06 00:15:00,-2,95,1035,0.8,1.3,257,11,0,0,NA,"Feb",2009,2,"Feb 2009"
2009-02-06 00:30:00,-2.2,95,1034,0.6,1,235,10,0,0,NA,"Feb",2009,2,"Feb 2009"
2009-02-06 00:45:00,-2,95,1034,1.2,1.6,264,5,0,0,NA,"Feb",2009,2,"Feb 2009"
2009-02-06 01:00:00,-1.8,94,1034,0.6,1.5,224,28,0,0,NA,"Feb",2009,2,"Feb 2009"
2009-02-06 01:15:00,-2.1,94,1034,0.8,1.2,257,4,0,0,NA,"Feb",2009,2,"Feb 2009"
2009-02-06 01:30:00,-2.1,94,1034,0.7,1.1,252,4,0,0,NA,"Feb",2009,2,"Feb 2009"
2009-02-06 01:45:00,-2.2,95,1034,0.2,0.8,246,9,0,0,NA,"Feb",2009,2,"Feb 2009"
2009-02-06 02:00:00,-2.3,95,1034,0.5,1,246,8,0,0,NA,"Feb",2009,2,"Feb 2009"
2009-02-06 02:15:00,-2.4,95,1034,0.6,1,245,10,0,0,NA,"Feb",2009,2,"Feb 2009"
2009-02-06 02:30:00,-2.3,95,1034,0.6,0.9,251,7,0,0,NA,"Feb",2009,2,"Feb 2009"
2009-02-06 02:45:00,-2.3,95,1034,0.4,1.1,247,9,0,0,NA,"Feb",2009,2,"Feb 2009"
2009-02-06 03:00:00,-1.9,95,1034,1.1,1.6,256,11,0,0,NA,"Feb",2009,2,"Feb 2009"
2009-02-06 03:15:00,-1.9,93,1034,1,2.2,244,11,0,0,NA,"Feb",2009,2,"Feb 2009"
2009-02-06 03:30:00,-1,88,1034,1.6,2.3,262,7,0,0,NA,"Feb",2009,2,"Feb 2009"
2009-02-06 03:45:00,-1.1,85,1034,1.6,2.2,260,6,0,0,NA,"Feb",2009,2,"Feb 2009"
2009-02-06 04:00:00,-0.6,79,1034,1.8,2.5,264,7,0,0,NA,"Feb",2009,2,"Feb 2009"
2009-02-06 04:15:00,-0.5,77,1034,1.8,2.4,261,9,0,0,NA,"Feb",2009,2,"Feb 2009"
2009-02-06 04:30:00,-0.7,78,1033,1.7,2.5,267,9,0,0,NA,"Feb",2009,2,"Feb 2009"
2009-02-06 04:45:00,-0.6,78,1034,1.8,2.8,266,9,0,0,NA,"Feb",2009,2,"Feb 2009"
2009-02-06 05:00:00,-0.4,78,1034,1.8,3.1,271,11,0,0,NA,"Feb",2009,2,"Feb 2009"
2009-02-06 05:15:00,-0.7,82,1034,1.6,2.5,263,9,0,0,NA,"Feb",2009,2,"Feb 2009"
2009-02-06 05:30:00,-0.7,85,1034,1.6,2.6,268,11,0,0,NA,"Feb",2009,2,"Feb 2009"
2009-02-06 05:45:00,-0.6,86,1034,1.4,2,268,9,0,0,NA,"Feb",2009,2,"Feb 2009"
2009-02-06 06:00:00,-0.7,87,1034,1.3,1.9,268,11,0,0,NA,"Feb",2009,2,"Feb 2009"
2009-02-06 06:15:00,-0.8,90,1034,1.4,2,270,9,0,0,NA,"Feb",2009,2,"Feb 2009"
2009-02-06 06:30:00,-0.7,90,1034,1.4,2.3,270,8,0,0,NA,"Feb",2009,2,"Feb 2009"
2009-02-06 06:45:00,-0.7,91,1034,1.6,2.4,267,11,0,0,NA,"Feb",2009,2,"Feb 2009"
2009-02-06 07:00:00,-1,92,1034,0.7,2,259,15,0,0,NA,"Feb",2009,2,"Feb 2009"
2009-02-06 07:15:00,-1.6,92,1034,0.2,0.6,264,7,0,0,NA,"Feb",2009,2,"Feb 2009"
2009-02-06 07:30:00,-1.8,93,1034,0.4,0.7,254,13,11.8,0,NA,"Feb",2009,2,"Feb 2009"
2009-02-06 07:45:00,-1.1,93,1034,0.5,1.3,273,12,104.4,0,NA,"Feb",2009,2,"Feb 2009"
2009-02-06 08:00:00,0,91,1034,1,1.8,285,13,176.9,0,NA,"Feb",2009,2,"Feb 2009"
2009-02-07 06:30:00,0,99,1033,0.4,0.7,240,8,0,0,NA,"Feb",2009,2,"Feb 2009"
2009-02-07 07:15:00,0,99,1033,0.4,0.6,250,3,0,0,NA,"Feb",2009,2,"Feb 2009"
2010-01-03 05:00:00,0,70,1020,1.7,3,299,20,0,0,NA,"Jan",2010,1,"Jan 2010"
2010-01-03 05:15:00,-0.1,72,1020,1.4,2.8,307,20,0,0,NA,"Jan",2010,1,"Jan 2010"
2010-01-03 05:30:00,-0.3,73,1020,1.8,3.3,298,19,0,0,NA,"Jan",2010,1,"Jan 2010"
2010-01-03 05:45:00,-0.5,74,1020,1.7,3.8,295,22,0,0,NA,"Jan",2010,1,"Jan 2010"
2010-01-03 06:00:00,-0.5,75,1020,1.7,3.3,296,21,0,0,NA,"Jan",2010,1,"Jan 2010"
2010-01-03 06:15:00,-0.6,76,1020,1.8,3.5,295,20,0,0,NA,"Jan",2010,1,"Jan 2010"
2010-01-03 06:30:00,-0.7,77,1020,1.8,3.5,300,20,0,0,NA,"Jan",2010,1,"Jan 2010"
2010-01-03 06:45:00,-0.8,78,1020,2,3.9,308,22,0,0,NA,"Jan",2010,1,"Jan 2010"
2010-01-03 07:00:00,-0.9,79,1020,2.2,4.4,313,19,0,0,NA,"Jan",2010,1,"Jan 2010"
2010-01-03 07:15:00,-0.9,80,1020,2,3.8,310,20,0,0,NA,"Jan",2010,1,"Jan 2010"
2010-01-03 07:30:00,-0.9,81,1020,1.7,3.1,302,23,0,0,NA,"Jan",2010,1,"Jan 2010"
2010-01-03 07:45:00,-0.9,81,1021,1.7,3.4,298,21,2.7,0,NA,"Jan",2010,1,"Jan 2010"
2010-01-03 08:00:00,-0.7,80,1021,1.9,3.5,302,20,73.8,0,NA,"Jan",2010,1,"Jan 2010"
2010-01-03 08:15:00,-0.3,80,1020,1.6,3.6,300,20,147.4,0,NA,"Jan",2010,1,"Jan 2010"
2010-01-04 01:45:00,0,72,1019,1.6,2.5,273,15,0,0,NA,"Jan",2010,1,"Jan 2010"
2010-01-04 02:00:00,-0.2,73,1018,1.5,2.7,271,14,0,0,NA,"Jan",2010,1,"Jan 2010"
2010-01-04 02:15:00,-0.3,74,1018,1.4,2.6,278,14,0,0,NA,"Jan",2010,1,"Jan 2010"
2010-01-04 02:30:00,-0.5,75,1018,1.6,2.6,273,13,0,0,NA,"Jan",2010,1,"Jan 2010"
2010-01-04 02:45:00,-0.5,75,1018,1.8,3.3,275,16,0,0,NA,"Jan",2010,1,"Jan 2010"
2010-01-04 03:00:00,-0.5,74,1018,1.8,2.8,277,17,0,0,NA,"Jan",2010,1,"Jan 2010"
2010-01-04 03:15:00,-0.5,73,1018,1.6,3.2,277,15,0,0,NA,"Jan",2010,1,"Jan 2010"
2010-01-04 03:30:00,-0.6,72,1018,1.6,2.9,290,16,0,0,NA,"Jan",2010,1,"Jan 2010"
2010-01-04 03:45:00,-0.5,70,1018,1.9,3.4,300,16,0,0,NA,"Jan",2010,1,"Jan 2010"
2010-01-04 04:00:00,-0.5,69,1018,1.8,2.7,295,16,0,0,NA,"Jan",2010,1,"Jan 2010"
2010-01-04 04:15:00,-0.6,69,1018,1.9,3.1,289,15,0,0,NA,"Jan",2010,1,"Jan 2010"
2010-01-04 04:30:00,-0.7,69,1018,1.9,3.4,292,16,0,0,NA,"Jan",2010,1,"Jan 2010"
2010-01-04 04:45:00,-0.7,66,1019,1.8,3.5,291,17,0,0,NA,"Jan",2010,1,"Jan 2010"
2010-01-04 05:00:00,-0.7,64,1019,1.7,3,301,18,0,0,NA,"Jan",2010,1,"Jan 2010"
2010-01-04 05:15:00,-0.9,65,1019,1.4,2.8,291,16,0,0,NA,"Jan",2010,1,"Jan 2010"
2010-01-04 05:30:00,-1,64,1019,1.5,2.6,291,18,0,0,NA,"Jan",2010,1,"Jan 2010"
2010-01-04 05:45:00,-1,63,1019,1.6,2.9,296,19,0,0,NA,"Jan",2010,1,"Jan 2010"
2010-01-04 06:00:00,-1.2,63,1019,1.6,2.6,283,15,0,0,NA,"Jan",2010,1,"Jan 2010"
2010-01-04 06:15:00,-1.3,64,1019,1.9,3.9,289,18,0,0,NA,"Jan",2010,1,"Jan 2010"
2010-01-04 06:30:00,-1.4,61,1019,1.9,3.6,294,18,0,0,NA,"Jan",2010,1,"Jan 2010"
2010-01-04 06:45:00,-1.4,61,1019,1.7,3.2,301,17,0,0,NA,"Jan",2010,1,"Jan 2010"
2010-01-04 07:00:00,-1.4,61,1019,1.9,3.4,298,19,0,0,NA,"Jan",2010,1,"Jan 2010"
2010-01-04 07:15:00,-1.3,59,1019,2.3,4,305,19,0,0,NA,"Jan",2010,1,"Jan 2010"
2010-01-04 07:30:00,-1.3,58,1019,2.3,4.4,302,20,0,0,NA,"Jan",2010,1,"Jan 2010"
2010-01-04 07:45:00,-1.1,59,1019,2.2,3.7,302,19,28.6,0,NA,"Jan",2010,1,"Jan 2010"
2010-01-04 08:00:00,-0.9,60,1020,2.2,4.1,301,22,112.1,0,NA,"Jan",2010,1,"Jan 2010"
2010-01-04 08:15:00,-0.6,58,1020,2.4,4.3,300,20,162.4,0,NA,"Jan",2010,1,"Jan 2010"
2010-01-04 08:30:00,-0.2,56,1020,2.1,3.9,293,21,262.9,0,NA,"Jan",2010,1,"Jan 2010"
2010-01-05 05:15:00,0,59,1020,2,5.4,305,20,0,0,NA,"Jan",2010,1,"Jan 2010"
2010-01-05 05:30:00,-0.5,62,1020,1.6,3.5,281,16,0,0,NA,"Jan",2010,1,"Jan 2010"
2010-01-05 05:45:00,-0.8,64,1020,1.9,3.5,290,20,0,0,NA,"Jan",2010,1,"Jan 2010"
2010-01-05 06:00:00,-0.9,64,1020,2,3.6,288,20,0,0,NA,"Jan",2010,1,"Jan 2010"
2010-01-05 06:15:00,-1.1,64,1021,1.9,3.6,285,18,0,0,NA,"Jan",2010,1,"Jan 2010"
2010-01-05 06:30:00,-1.2,65,1021,2,4.2,286,19,0,0,NA,"Jan",2010,1,"Jan 2010"
2010-01-05 06:45:00,-1.5,67,1021,1.7,2.8,287,21,0,0,NA,"Jan",2010,1,"Jan 2010"
2010-01-05 07:00:00,-1.6,67,1021,1.9,3.8,290,21,0,0,NA,"Jan",2010,1,"Jan 2010"
2010-01-05 07:15:00,-1.7,67,1021,1.9,4.2,287,23,0,0,NA,"Jan",2010,1,"Jan 2010"
2010-01-05 07:30:00,-1.7,67,1022,1.7,4.4,284,21,0,0,NA,"Jan",2010,1,"Jan 2010"
2010-01-05 07:45:00,-1.5,66,1022,2.1,3.8,282,20,26.3,0,NA,"Jan",2010,1,"Jan 2010"
2010-01-05 08:00:00,-1.2,66,1022,2.2,4.7,283,22,109.4,0,NA,"Jan",2010,1,"Jan 2010"
2010-01-05 08:15:00,-1,65,1022,2.8,5,293,24,160.5,0,NA,"Jan",2010,1,"Jan 2010"
2010-01-05 08:30:00,-0.9,64,1022,3.1,5.8,300,26,259.7,0,NA,"Jan",2010,1,"Jan 2010"
2010-01-05 08:45:00,-0.7,62,1022,3.6,6.5,303,20,308.7,0,NA,"Jan",2010,1,"Jan 2010"
2010-01-05 09:00:00,-0.5,61,1022,3.6,5.9,296,22,409.1,0,NA,"Jan",2010,1,"Jan 2010"
2010-01-05 09:15:00,-0.3,60,1022,3.8,7.6,298,22,458,0,NA,"Jan",2010,1,"Jan 2010"
2010-01-05 09:30:00,0,59,1023,3.1,6.1,295,23,555.5,0,NA,"Jan",2010,1,"Jan 2010"
2010-01-05 21:00:00,-0.4,62,1022,0.6,1,244,9,0,0,NA,"Jan",2010,1,"Jan 2010"
2010-01-05 21:15:00,-1.1,66,1022,0.4,0.8,245,13,0,0,NA,"Jan",2010,1,"Jan 2010"
2010-01-05 21:30:00,-1.8,70,1022,0.5,0.9,237,3,0,0,NA,"Jan",2010,1,"Jan 2010"
2010-01-05 21:45:00,-2,71,1022,0.6,1.1,246,6,0,0,NA,"Jan",2010,1,"Jan 2010"
2010-01-05 22:00:00,-1.5,68,1022,0.9,1.5,246,8,0,0,NA,"Jan",2010,1,"Jan 2010"
2010-01-05 22:15:00,-1.1,65,1023,1,1.7,246,10,0,0,NA,"Jan",2010,1,"Jan 2010"
2010-01-05 22:30:00,-1.3,66,1023,0.7,1.3,239,7,0,0,NA,"Jan",2010,1,"Jan 2010"
2010-01-05 22:45:00,-1.7,70,1023,0.7,1.4,256,10,0,0,NA,"Jan",2010,1,"Jan 2010"
2010-01-05 23:00:00,-1.7,69,1023,0.9,2,248,12,0,0,NA,"Jan",2010,1,"Jan 2010"
2010-01-05 23:15:00,-1.3,67,1023,1.2,2.2,255,15,0,0,NA,"Jan",2010,1,"Jan 2010"
2010-01-05 23:30:00,-1.2,66,1023,1,2,262,17,0,0,NA,"Jan",2010,1,"Jan 2010"
2010-01-05 23:45:00,-1.4,67,1023,0.7,1.4,270,18,0,0,NA,"Jan",2010,1,"Jan 2010"
2010-01-06,-1.8,69,1023,0.4,0.9,266,26,0,0,NA,"Jan",2010,1,"Jan 2010"
2010-01-06 00:15:00,-2.5,73,1023,0.6,1.1,240,10,0,0,NA,"Jan",2010,1,"Jan 2010"
2010-01-06 00:30:00,-2.7,74,1023,0.5,0.9,248,11,0,0,NA,"Jan",2010,1,"Jan 2010"
2010-01-06 00:45:00,-2.9,74,1023,0.6,0.9,242,6,0,0,NA,"Jan",2010,1,"Jan 2010"
2010-01-06 01:00:00,-2.9,74,1022,0.4,1.1,265,16,0,0,NA,"Jan",2010,1,"Jan 2010"
2010-01-06 01:15:00,-3.3,77,1022,0.6,1.4,275,9,0,0,NA,"Jan",2010,1,"Jan 2010"
2010-01-06 01:30:00,-2.7,75,1022,0.9,1.5,272,9,0,0,NA,"Jan",2010,1,"Jan 2010"
2010-01-06 01:45:00,-2.6,75,1022,0.7,1.2,250,13,0,0,NA,"Jan",2010,1,"Jan 2010"
2010-01-06 02:00:00,-2.8,74,1022,0.8,1.5,247,9,0,0,NA,"Jan",2010,1,"Jan 2010"
2010-01-06 02:15:00,-2.6,73,1022,0.9,2.2,270,13,0,0,NA,"Jan",2010,1,"Jan 2010"
2010-01-06 02:30:00,-2.2,70,1022,1.2,2,280,14,0,0,NA,"Jan",2010,1,"Jan 2010"
2010-01-06 02:45:00,-2.2,69,1022,1.1,2.1,274,15,0,0,NA,"Jan",2010,1,"Jan 2010"
2010-01-06 03:00:00,-2.5,71,1022,0.9,2,267,16,0,0,NA,"Jan",2010,1,"Jan 2010"
2010-01-06 03:15:00,-2.3,69,1022,1.2,2.3,282,14,0,0,NA,"Jan",2010,1,"Jan 2010"
2010-01-06 03:30:00,-2.3,69,1022,1,1.9,279,14,0,0,NA,"Jan",2010,1,"Jan 2010"
2010-01-06 03:45:00,-2.6,70,1022,1.2,2.4,274,14,0,0,NA,"Jan",2010,1,"Jan 2010"
2010-01-06 04:00:00,-2.7,71,1022,1.2,1.7,277,13,0,0,NA,"Jan",2010,1,"Jan 2010"
2010-01-06 04:15:00,-2.8,70,1022,1,2.1,273,16,0,0,NA,"Jan",2010,1,"Jan 2010"
2010-01-06 04:30:00,-2.9,69,1022,1.3,2.7,279,14,0,0,NA,"Jan",2010,1,"Jan 2010"
2010-01-06 04:45:00,-2.7,66,1022,1.3,2.4,287,16,0,0,NA,"Jan",2010,1,"Jan 2010"
2010-01-06 05:00:00,-2.6,65,1022,1.3,2.1,287,15,0,0,NA,"Jan",2010,1,"Jan 2010"
2010-01-06 05:15:00,-2.6,65,1022,1.5,3,293,15,0,0,NA,"Jan",2010,1,"Jan 2010"
2010-01-06 05:30:00,-2.6,65,1022,1.5,2.5,294,17,0,0,NA,"Jan",2010,1,"Jan 2010"
2010-01-06 05:45:00,-2.6,64,1022,1.7,2.7,289,16,0,0,NA,"Jan",2010,1,"Jan 2010"
2010-01-06 06:00:00,-2.8,64,1022,1.4,2.4,282,15,0,0,NA,"Jan",2010,1,"Jan 2010"
2010-01-06 06:15:00,-3,66,1022,1.4,2.6,274,15,0,0,NA,"Jan",2010,1,"Jan 2010"
2010-01-06 06:30:00,-3.2,66,1022,1.4,2.5,276,15,0,0,NA,"Jan",2010,1,"Jan 2010"
2010-01-06 06:45:00,-3.4,68,1023,1.3,2.2,269,14,0,0,NA,"Jan",2010,1,"Jan 2010"
2010-01-06 07:00:00,-3.5,68,1023,1.4,2.6,264,15,0,0,NA,"Jan",2010,1,"Jan 2010"
2010-01-06 07:15:00,-3.7,69,1023,1.3,2.1,265,15,0,0,NA,"Jan",2010,1,"Jan 2010"
2010-01-06 07:30:00,-3.7,69,1023,1.6,3,265,14,0,0,NA,"Jan",2010,1,"Jan 2010"
2010-01-06 07:45:00,-3.3,67,1023,1.7,2.9,270,14,31.4,0,NA,"Jan",2010,1,"Jan 2010"
2010-01-06 08:00:00,-2.9,66,1023,1.8,3.1,277,16,113.9,0,NA,"Jan",2010,1,"Jan 2010"
2010-01-06 08:15:00,-2.4,65,1023,1.8,3.4,275,19,168.8,0,NA,"Jan",2010,1,"Jan 2010"
2010-01-06 08:30:00,-1.8,63,1023,2.3,4.7,281,20,267.2,0,NA,"Jan",2010,1,"Jan 2010"
2010-01-06 08:45:00,-1.3,60,1024,2.4,4.8,280,22,316.9,0,NA,"Jan",2010,1,"Jan 2010"
2010-01-06 09:00:00,-0.8,57,1023,2.2,4.3,285,22,419,0,NA,"Jan",2010,1,"Jan 2010"
2010-01-06 09:15:00,-0.3,54,1024,2.2,4,284,28,468,0,NA,"Jan",2010,1,"Jan 2010"
2010-01-06 23:15:00,-0.3,65,1023,0.8,1.2,253,5,0,0,NA,"Jan",2010,1,"Jan 2010"
2010-01-06 23:30:00,-0.8,67,1023,0.8,1.3,258,10,0,0,NA,"Jan",2010,1,"Jan 2010"
2010-01-06 23:45:00,-0.4,64,1023,1,2.7,261,14,0,0,NA,"Jan",2010,1,"Jan 2010"
2010-01-07,-0.5,64,1023,1.3,2,257,9,0,0,NA,"Jan",2010,1,"Jan 2010"
2010-01-07 00:15:00,-0.5,63,1023,1.4,2.4,249,10,0,0,NA,"Jan",2010,1,"Jan 2010"
2010-01-07 00:30:00,-0.3,62,1023,1.1,2.3,268,13,0,0,NA,"Jan",2010,1,"Jan 2010"
2010-01-07 00:45:00,-0.7,65,1023,1.3,2.1,261,14,0,0,NA,"Jan",2010,1,"Jan 2010"
2010-01-07 01:00:00,-0.7,64,1023,1.2,2,270,13,0,0,NA,"Jan",2010,1,"Jan 2010"
2010-01-07 01:15:00,-0.9,66,1022,1.4,2.1,252,11,0,0,NA,"Jan",2010,1,"Jan 2010"
2010-01-07 01:30:00,-1,65,1022,0.8,2.1,193,49,0,0,NA,"Jan",2010,1,"Jan 2010"
2010-01-07 01:45:00,-1.7,70,1022,0.2,0.7,217,27,0,0,NA,"Jan",2010,1,"Jan 2010"
2010-01-07 02:00:00,-2.6,75,1022,0.1,0.7,225,26,0,0,NA,"Jan",2010,1,"Jan 2010"
2010-01-07 02:15:00,-3,77,1022,0.4,0.8,242,26,0,0,NA,"Jan",2010,1,"Jan 2010"
2010-01-07 02:30:00,-2.9,79,1022,0.5,0.7,165,35,0,0,NA,"Jan",2010,1,"Jan 2010"
2010-01-07 02:45:00,-3.2,79,1021,0.2,0.6,223,0,0,0,NA,"Jan",2010,1,"Jan 2010"
2010-01-07 03:00:00,-3.2,81,1021,0.9,1.7,249,12,0,0,NA,"Jan",2010,1,"Jan 2010"
2010-01-07 03:15:00,-1.7,75,1022,1.7,2.5,264,11,0,0,NA,"Jan",2010,1,"Jan 2010"
2010-01-07 03:30:00,-1,69,1022,1.7,2.7,264,14,0,0,NA,"Jan",2010,1,"Jan 2010"
2010-01-07 03:45:00,-1.3,69,1022,1.6,2.6,248,11,0,0,NA,"Jan",2010,1,"Jan 2010"
2010-01-07 04:00:00,-1.5,70,1022,1.7,2.7,251,15,0,0,NA,"Jan",2010,1,"Jan 2010"
2010-01-07 04:15:00,-1.2,67,1022,1.6,3,264,14,0,0,NA,"Jan",2010,1,"Jan 2010"
2010-01-07 04:30:00,-1.3,68,1022,1.7,2.7,258,15,0,0,NA,"Jan",2010,1,"Jan 2010"
2010-01-07 04:45:00,-1.4,68,1022,1.8,3,265,14,0,0,NA,"Jan",2010,1,"Jan 2010"
2010-01-07 05:00:00,-1.7,70,1022,1.7,2.8,263,13,0,0,NA,"Jan",2010,1,"Jan 2010"
2010-01-07 05:15:00,-1.8,70,1022,1.9,2.7,257,12,0,0,NA,"Jan",2010,1,"Jan 2010"
2010-01-07 05:30:00,-1.8,69,1022,1.8,3.1,262,12,0,0,NA,"Jan",2010,1,"Jan 2010"
2010-01-07 05:45:00,-1.8,69,1022,1.8,2.7,263,13,0,0,NA,"Jan",2010,1,"Jan 2010"
2010-01-07 06:00:00,-1.9,69,1022,1.7,2.7,266,12,0,0,NA,"Jan",2010,1,"Jan 2010"
2010-01-07 06:15:00,-1.9,69,1023,1.8,2.7,267,10,0,0,NA,"Jan",2010,1,"Jan 2010"
2010-01-07 06:30:00,-1.8,69,1023,1.9,2.8,270,11,0,0,NA,"Jan",2010,1,"Jan 2010"
2010-01-07 06:45:00,-1.7,69,1023,1.9,3,270,13,0,0,NA,"Jan",2010,1,"Jan 2010"
2010-01-07 07:00:00,-1.7,70,1023,1.9,2.9,268,13,0,0,NA,"Jan",2010,1,"Jan 2010"
2010-01-07 07:15:00,-1.4,69,1023,1.8,2.9,266,13,0,0,NA,"Jan",2010,1,"Jan 2010"
2010-01-07 07:30:00,-1.5,69,1023,1.6,2.5,256,12,0,0,NA,"Jan",2010,1,"Jan 2010"
2010-01-07 07:45:00,-1.2,67,1023,1.6,2.6,265,15,29,0,NA,"Jan",2010,1,"Jan 2010"
2010-01-07 08:00:00,-0.8,66,1023,1.7,2.8,271,14,114,0,NA,"Jan",2010,1,"Jan 2010"
2010-01-07 08:15:00,-0.3,64,1023,1.5,3,271,16,167.2,0,NA,"Jan",2010,1,"Jan 2010"
2010-01-09 07:00:00,-0.1,59,1022,2.4,4.4,328,19,0,0,NA,"Jan",2010,1,"Jan 2010"
2010-01-09 07:15:00,-0.1,59,1022,2.2,4.4,327,18,0,0,NA,"Jan",2010,1,"Jan 2010"
2010-01-09 07:30:00,-0.2,60,1022,2,4.2,324,19,0,0,NA,"Jan",2010,1,"Jan 2010"
2010-01-09 07:45:00,-0.3,60,1022,2.2,3.7,327,18,0,0,NA,"Jan",2010,1,"Jan 2010"
2010-01-09 08:00:00,-0.3,61,1022,2,3.9,325,19,0,0,NA,"Jan",2010,1,"Jan 2010"
2010-01-09 08:15:00,-0.3,60,1022,2.5,4.7,323,17,50.5,0,NA,"Jan",2010,1,"Jan 2010"
2010-01-09 08:30:00,-0.3,60,1022,2.8,5.1,323,17,55.9,0,NA,"Jan",2010,1,"Jan 2010"
2010-01-09 08:45:00,-0.3,60,1022,2.8,4.7,323,21,75.1,0,NA,"Jan",2010,1,"Jan 2010"
2010-01-09 09:00:00,-0.2,60,1023,2.8,4.9,323,20,75.7,0,NA,"Jan",2010,1,"Jan 2010"
2010-01-09 09:15:00,-0.2,60,1023,3,5.4,321,19,84.3,0,NA,"Jan",2010,1,"Jan 2010"
2010-01-09 09:30:00,-0.2,60,1023,3.2,7.1,324,20,134.4,0,NA,"Jan",2010,1,"Jan 2010"
2010-01-09 09:45:00,0,60,1023,3.1,5.4,325,19,151.4,0,NA,"Jan",2010,1,"Jan 2010"
2010-01-09 18:30:00,-0.2,59,1023,1.2,2,284,13,0,0,NA,"Jan",2010,1,"Jan 2010"
2010-01-09 18:45:00,-0.6,62,1023,1.3,2.1,288,13,0,0,NA,"Jan",2010,1,"Jan 2010"
2010-01-09 19:00:00,-0.5,62,1023,1.2,2.8,297,18,0,0,NA,"Jan",2010,1,"Jan 2010"
2010-01-09 19:15:00,-0.7,62,1023,1.5,3.1,301,18,0,0,NA,"Jan",2010,1,"Jan 2010"
2010-01-09 19:30:00,-0.8,61,1023,1.8,3.3,307,19,0,0,NA,"Jan",2010,1,"Jan 2010"
2010-01-09 19:45:00,-0.9,61,1024,1.8,3,307,17,0,0,NA,"Jan",2010,1,"Jan 2010"
2010-01-09 20:00:00,-1.1,62,1024,1.9,3.6,312,19,0,0,NA,"Jan",2010,1,"Jan 2010"
2010-01-09 20:15:00,-1,61,1024,1.9,3.9,311,16,0,0,NA,"Jan",2010,1,"Jan 2010"
2010-01-09 20:30:00,-1.1,61,1024,2,4,306,18,0,0,NA,"Jan",2010,1,"Jan 2010"
2010-01-09 20:45:00,-1.2,62,1024,1.8,3.6,304,16,0,0,NA,"Jan",2010,1,"Jan 2010"
2010-01-09 21:00:00,-1.3,62,1024,1.9,4.1,305,18,0,0,NA,"Jan",2010,1,"Jan 2010"
2010-01-09 21:15:00,-1.2,61,1024,2,3.4,304,18,0,0,NA,"Jan",2010,1,"Jan 2010"
2010-01-09 21:30:00,-1.4,61,1024,2,3.6,297,16,0,0,NA,"Jan",2010,1,"Jan 2010"
2010-01-09 21:45:00,-1.5,62,1025,2,3.8,295,16,0,0,NA,"Jan",2010,1,"Jan 2010"
2010-01-09 22:00:00,-1.6,62,1025,2,3.8,296,15,0,0,NA,"Jan",2010,1,"Jan 2010"
2010-01-09 22:15:00,-1.7,63,1025,2.1,4,298,17,0,0,NA,"Jan",2010,1,"Jan 2010"
2010-01-09 22:30:00,-1.7,63,1025,2,4.1,298,16,0,0,NA,"Jan",2010,1,"Jan 2010"
2010-01-09 22:45:00,-1.7,62,1025,2,3.5,297,19,0,0,NA,"Jan",2010,1,"Jan 2010"
2010-01-09 23:00:00,-1.7,62,1025,2.1,3.3,294,15,0,0,NA,"Jan",2010,1,"Jan 2010"
2010-01-09 23:15:00,-1.7,61,1025,2.2,4.1,298,19,0,0,NA,"Jan",2010,1,"Jan 2010"
2010-01-09 23:30:00,-1.8,61,1025,2.4,3.9,295,18,0,0,NA,"Jan",2010,1,"Jan 2010"
2010-01-09 23:45:00,-1.8,62,1025,2.2,3.7,296,18,0,0,NA,"Jan",2010,1,"Jan 2010"
2010-01-10,-2,63,1025,2.1,3.7,295,17,0,0,NA,"Jan",2010,1,"Jan 2010"
2010-01-10 00:15:00,-2.1,64,1025,2.2,4,295,19,0,0,NA,"Jan",2010,1,"Jan 2010"
2010-01-10 00:30:00,-2.1,64,1025,2.5,4.1,296,17,0,0,NA,"Jan",2010,1,"Jan 2010"
2010-01-10 00:45:00,-2.2,66,1025,2.2,3.8,296,17,0,0,NA,"Jan",2010,1,"Jan 2010"
2010-01-10 01:00:00,-2.2,68,1025,2.3,4,294,19,0,0,NA,"Jan",2010,1,"Jan 2010"
2010-01-10 01:15:00,-2.2,69,1025,2.2,4.2,291,17,0,0,NA,"Jan",2010,1,"Jan 2010"
2010-01-10 01:30:00,-2.5,72,1025,1.9,3.3,288,17,0,0,NA,"Jan",2010,1,"Jan 2010"
2010-01-10 01:45:00,-2.8,74,1025,2,3.3,286,16,0,0,NA,"Jan",2010,1,"Jan 2010"
2010-01-10 02:00:00,-2.8,73,1024,2.2,4,289,18,0,0,NA,"Jan",2010,1,"Jan 2010"
2010-01-10 02:15:00,-2.7,71,1024,2.4,4.2,292,17,0,0,NA,"Jan",2010,1,"Jan 2010"
2010-01-10 02:30:00,-2.9,72,1024,2.2,4.1,292,18,0,0,NA,"Jan",2010,1,"Jan 2010"
2010-01-10 02:45:00,-3,73,1024,2.3,4.2,293,18,0,0,NA,"Jan",2010,1,"Jan 2010"
2010-01-10 03:00:00,-3,74,1024,2.7,4.6,293,17,0,0,NA,"Jan",2010,1,"Jan 2010"
2010-01-10 03:15:00,-2.9,74,1024,2.5,4.7,299,17,0,0,NA,"Jan",2010,1,"Jan 2010"
2010-01-10 03:30:00,-2.9,74,1024,2.5,4.3,301,20,0,0,NA,"Jan",2010,1,"Jan 2010"
2010-01-10 03:45:00,-2.9,74,1025,2.6,4.8,301,18,0,0,NA,"Jan",2010,1,"Jan 2010"
2010-01-10 04:00:00,-3.1,74,1025,2.5,5.3,294,19,0,0,NA,"Jan",2010,1,"Jan 2010"
2010-01-10 04:15:00,-3.2,74,1025,2.7,4.8,293,18,0,0,NA,"Jan",2010,1,"Jan 2010"
2010-01-10 04:30:00,-3.3,74,1025,2.6,4.4,291,17,0,0,NA,"Jan",2010,1,"Jan 2010"
2010-01-10 04:45:00,-3.4,74,1025,2.6,4.9,289,17,0,0,NA,"Jan",2010,1,"Jan 2010"
2010-01-10 05:00:00,-3.5,74,1025,2.6,4.3,292,15,0,0,NA,"Jan",2010,1,"Jan 2010"
2010-01-10 05:15:00,-3.4,73,1025,2.8,4.6,295,18,0,0,NA,"Jan",2010,1,"Jan 2010"
2010-01-10 05:30:00,-3.3,73,1025,2.5,4,294,18,0,0,NA,"Jan",2010,1,"Jan 2010"
2010-01-10 05:45:00,-3.2,74,1025,2.7,4.6,301,18,0,0,NA,"Jan",2010,1,"Jan 2010"
2010-01-10 06:00:00,-3.2,74,1026,2.4,4.3,301,18,0,0,NA,"Jan",2010,1,"Jan 2010"
2010-01-10 06:15:00,-3.3,75,1026,2.1,4.3,300,18,0,0,NA,"Jan",2010,1,"Jan 2010"
2010-01-10 06:30:00,-3.4,75,1026,2.3,4.1,301,20,0,0,NA,"Jan",2010,1,"Jan 2010"
2010-01-10 06:45:00,-3.4,75,1026,2.3,4.2,300,17,0,0,NA,"Jan",2010,1,"Jan 2010"
2010-01-10 07:00:00,-3.6,76,1026,2.3,4.5,298,20,0,0,NA,"Jan",2010,1,"Jan 2010"
2010-01-10 07:15:00,-3.6,77,1027,2,4,298,20,0,0,NA,"Jan",2010,1,"Jan 2010"
2010-01-10 07:30:00,-3.6,77,1027,2.1,4,295,17,0,0,NA,"Jan",2010,1,"Jan 2010"
2010-01-10 07:45:00,-3.5,77,1027,2.3,4.6,295,19,22.5,0,NA,"Jan",2010,1,"Jan 2010"
2010-01-10 08:00:00,-3.3,76,1027,2.3,4.5,291,19,111.1,0,NA,"Jan",2010,1,"Jan 2010"
2010-01-10 08:15:00,-3,75,1027,2.7,5,294,17,167.3,0,NA,"Jan",2010,1,"Jan 2010"
2010-01-10 08:30:00,-2.6,75,1028,2.4,4.5,292,20,264.1,0,NA,"Jan",2010,1,"Jan 2010"
2010-01-10 08:45:00,-2.1,73,1028,2.4,5,292,19,321.1,0,NA,"Jan",2010,1,"Jan 2010"
2010-01-10 09:00:00,-1.5,69,1028,2.4,4.2,299,19,419.9,0,NA,"Jan",2010,1,"Jan 2010"
2010-01-10 09:15:00,-0.8,66,1028,2.3,4.6,303,20,468,0,NA,"Jan",2010,1,"Jan 2010"
2010-01-10 09:30:00,-0.2,63,1028,2.3,5.2,312,21,565.5,0,NA,"Jan",2010,1,"Jan 2010"
2010-01-10 20:00:00,0,60,1030,1.4,2.3,283,14,0,0,NA,"Jan",2010,1,"Jan 2010"
2010-01-10 21:00:00,0,57,1030,1.8,3.2,286,13,0,0,NA,"Jan",2010,1,"Jan 2010"
2010-01-10 21:15:00,-0.1,58,1030,1.8,3.1,292,16,0,0,NA,"Jan",2010,1,"Jan 2010"
2010-01-10 21:30:00,-0.3,60,1030,2,3.3,292,16,0,0,NA,"Jan",2010,1,"Jan 2010"
2010-01-10 21:45:00,-0.4,61,1031,2,3,291,15,0,0,NA,"Jan",2010,1,"Jan 2010"
2010-01-10 22:00:00,-0.5,61,1031,1.9,3.3,289,15,0,0,NA,"Jan",2010,1,"Jan 2010"
2010-01-10 22:15:00,-0.6,62,1031,1.8,3,293,14,0,0,NA,"Jan",2010,1,"Jan 2010"
2010-01-10 22:30:00,-0.5,62,1031,2.1,4,298,17,0,0,NA,"Jan",2010,1,"Jan 2010"
2010-01-10 22:45:00,-0.5,61,1031,2.1,3.6,294,16,0,0,NA,"Jan",2010,1,"Jan 2010"
2010-01-10 23:00:00,-0.6,61,1031,1.9,3,295,16,0,0,NA,"Jan",2010,1,"Jan 2010"
2010-01-10 23:15:00,-0.8,63,1031,1.9,3,297,19,0,0,NA,"Jan",2010,1,"Jan 2010"
2010-01-10 23:30:00,-0.9,63,1031,2.1,4,295,16,0,0,NA,"Jan",2010,1,"Jan 2010"
2010-01-10 23:45:00,-1,63,1031,2.1,3.8,291,16,0,0,NA,"Jan",2010,1,"Jan 2010"
2010-01-11,-1.1,63,1031,2,3.5,288,15,0,0,NA,"Jan",2010,1,"Jan 2010"
2010-01-11 00:15:00,-1.4,65,1031,1.9,3,288,14,0,0,NA,"Jan",2010,1,"Jan 2010"
2010-01-11 00:30:00,-1.5,65,1030,2.1,3.1,288,15,0,0,NA,"Jan",2010,1,"Jan 2010"
2010-01-11 00:45:00,-1.5,65,1030,2.2,4.1,286,17,0,0,NA,"Jan",2010,1,"Jan 2010"
2010-01-11 01:00:00,-1.6,67,1030,2.1,3.8,289,16,0,0,NA,"Jan",2010,1,"Jan 2010"
2010-01-11 01:15:00,-1.6,68,1030,2.4,4,292,16,0,0,NA,"Jan",2010,1,"Jan 2010"
2010-01-11 01:30:00,-1.6,68,1030,2.2,4.6,291,17,0,0,NA,"Jan",2010,1,"Jan 2010"
2010-01-11 01:45:00,-1.5,68,1030,2.2,3.9,294,16,0,0,NA,"Jan",2010,1,"Jan 2010"
2010-01-11 02:00:00,-1.6,68,1030,2,4.5,297,16,0,0,NA,"Jan",2010,1,"Jan 2010"
2010-01-11 02:15:00,-1.6,68,1030,2.2,3.7,295,17,0,0,NA,"Jan",2010,1,"Jan 2010"
2010-01-11 02:30:00,-1.8,68,1030,2.1,3.8,292,17,0,0,NA,"Jan",2010,1,"Jan 2010"
2010-01-11 02:45:00,-1.8,69,1030,2.1,3.7,295,18,0,0,NA,"Jan",2010,1,"Jan 2010"
2010-01-11 03:00:00,-1.9,70,1030,2.2,3.6,297,18,0,0,NA,"Jan",2010,1,"Jan 2010"
2010-01-11 03:15:00,-2,70,1030,1.9,3.4,301,18,0,0,NA,"Jan",2010,1,"Jan 2010"
2010-01-11 03:30:00,-2.2,71,1030,1.6,3.1,298,20,0,0,NA,"Jan",2010,1,"Jan 2010"
2010-01-11 03:45:00,-2.2,71,1030,1.9,3.8,299,21,0,0,NA,"Jan",2010,1,"Jan 2010"
2010-01-11 04:00:00,-2.2,70,1030,2.1,3.9,292,17,0,0,NA,"Jan",2010,1,"Jan 2010"
2010-01-11 04:15:00,-2.3,70,1030,2.2,4.1,290,17,0,0,NA,"Jan",2010,1,"Jan 2010"
2010-01-11 04:30:00,-2.3,70,1030,2.2,3.9,294,19,0,0,NA,"Jan",2010,1,"Jan 2010"
2010-01-11 04:45:00,-1.9,68,1030,2.2,5.2,306,22,0,0,NA,"Jan",2010,1,"Jan 2010"
2010-01-11 05:00:00,-1.8,66,1030,2.3,4.1,296,19,0,0,NA,"Jan",2010,1,"Jan 2010"
2010-01-11 05:15:00,-1.9,66,1030,2.1,3.8,291,21,0,0,NA,"Jan",2010,1,"Jan 2010"
2010-01-11 05:30:00,-2.1,66,1030,2.3,3.7,292,17,0,0,NA,"Jan",2010,1,"Jan 2010"
2010-01-11 05:45:00,-2.1,68,1030,1.9,3.4,292,20,0,0,NA,"Jan",2010,1,"Jan 2010"
2010-01-11 06:00:00,-2.2,67,1030,2.1,4.3,292,20,0,0,NA,"Jan",2010,1,"Jan 2010"
2010-01-11 06:15:00,-2.3,67,1030,2.2,3.9,289,19,0,0,NA,"Jan",2010,1,"Jan 2010"
2010-01-11 06:30:00,-2.4,67,1030,2,3.7,285,17,0,0,NA,"Jan",2010,1,"Jan 2010"
2010-01-11 06:45:00,-2.6,69,1030,1.8,3.3,288,20,0,0,NA,"Jan",2010,1,"Jan 2010"
2010-01-11 07:00:00,-2.7,71,1030,1.9,3.9,279,16,0,0,NA,"Jan",2010,1,"Jan 2010"
2010-01-11 07:15:00,-2.7,73,1030,1.8,3.4,275,17,0,0,NA,"Jan",2010,1,"Jan 2010"
2010-01-11 07:30:00,-2.8,75,1030,1.7,3.1,274,19,0,0,NA,"Jan",2010,1,"Jan 2010"
2010-01-11 07:45:00,-2.7,75,1030,1.8,3.2,271,15,31.1,0,NA,"Jan",2010,1,"Jan 2010"
2010-01-11 08:00:00,-2.3,75,1030,1.7,3,271,16,115.3,0,NA,"Jan",2010,1,"Jan 2010"
2010-01-11 08:15:00,-1.6,73,1031,1.8,3,275,16,173,0,NA,"Jan",2010,1,"Jan 2010"
2010-01-11 08:30:00,-1,69,1031,1.9,3.4,279,19,271.6,0,NA,"Jan",2010,1,"Jan 2010"
2010-01-11 08:45:00,-0.2,65,1031,2,3.6,281,17,322.9,0,NA,"Jan",2010,1,"Jan 2010"
2010-01-11 23:45:00,-0.1,70,1027,1.1,2.1,260,17,0,0,NA,"Jan",2010,1,"Jan 2010"
2010-01-12,-0.5,71,1027,1.3,2.1,234,15,0,0,NA,"Jan",2010,1,"Jan 2010"
2010-01-12 00:15:00,-0.9,73,1027,1.1,2.2,240,19,0,0,NA,"Jan",2010,1,"Jan 2010"
2010-01-12 00:30:00,-1.1,75,1027,1,1.6,260,16,0,0,NA,"Jan",2010,1,"Jan 2010"
2010-01-12 00:45:00,-1,76,1027,1.4,2.3,251,19,0,0,NA,"Jan",2010,1,"Jan 2010"
2010-01-12 01:00:00,-0.8,76,1027,1.6,2.8,271,18,0,0,NA,"Jan",2010,1,"Jan 2010"
2010-01-12 01:15:00,-1,76,1027,1.6,3.3,266,17,0,0,NA,"Jan",2010,1,"Jan 2010"
2010-01-12 01:30:00,-1.2,77,1027,1.6,2.8,264,16,0,0,NA,"Jan",2010,1,"Jan 2010"
2010-01-12 01:45:00,-1.4,78,1027,1.6,3.2,263,19,0,0,NA,"Jan",2010,1,"Jan 2010"
2010-01-12 02:00:00,-1.6,79,1027,1.7,3.3,262,16,0,0,NA,"Jan",2010,1,"Jan 2010"
2010-01-12 02:15:00,-1.6,80,1026,2,3.1,260,17,0,0,NA,"Jan",2010,1,"Jan 2010"
2010-01-12 02:30:00,-1.7,80,1026,1.9,3.2,254,17,0,0,NA,"Jan",2010,1,"Jan 2010"
2010-01-12 02:45:00,-1.8,81,1026,2.2,4,260,16,0,0,NA,"Jan",2010,1,"Jan 2010"
2010-01-12 03:00:00,-1.8,81,1026,2.1,4.2,266,16,0,0,NA,"Jan",2010,1,"Jan 2010"
2010-01-12 03:15:00,-1.9,82,1026,1.9,3.3,267,15,0,0,NA,"Jan",2010,1,"Jan 2010"
2010-01-12 03:30:00,-2,83,1026,1.7,3.5,278,17,0,0,NA,"Jan",2010,1,"Jan 2010"
2010-01-12 03:45:00,-2.1,84,1026,1.4,3,275,16,0,0,NA,"Jan",2010,1,"Jan 2010"
2010-01-12 04:00:00,-2.1,85,1026,1.4,2.2,275,15,0,0,NA,"Jan",2010,1,"Jan 2010"
2010-01-12 04:15:00,-2.2,86,1026,1.5,2.7,276,15,0,0,NA,"Jan",2010,1,"Jan 2010"
2010-01-12 04:30:00,-2,86,1026,1.4,2.5,268,16,0,0,NA,"Jan",2010,1,"Jan 2010"
2010-01-12 04:45:00,-2.1,86,1026,1.1,1.9,264,18,0,0,NA,"Jan",2010,1,"Jan 2010"
2010-01-12 05:00:00,-2.2,87,1026,1.1,1.9,268,18,0,0,NA,"Jan",2010,1,"Jan 2010"
2010-01-12 05:15:00,-1.6,87,1026,1.4,3.2,278,17,0,0,NA,"Jan",2010,1,"Jan 2010"
2010-01-12 05:30:00,-1,85,1026,1.6,2.8,273,21,0,0,NA,"Jan",2010,1,"Jan 2010"
2010-01-12 05:45:00,-0.7,83,1026,1.8,3.6,274,16,0,0,NA,"Jan",2010,1,"Jan 2010"
2010-01-12 06:00:00,-0.5,81,1026,1.9,3.6,279,20,0,0,NA,"Jan",2010,1,"Jan 2010"
2010-01-12 06:15:00,-0.4,79,1026,2.1,4.2,277,19,0,0,NA,"Jan",2010,1,"Jan 2010"
2010-01-12 06:30:00,-0.4,78,1026,1.7,3,272,18,0,0,NA,"Jan",2010,1,"Jan 2010"
2010-01-12 06:45:00,-0.6,76,1026,1.2,2.4,265,17,0,0,NA,"Jan",2010,1,"Jan 2010"
2010-01-12 07:00:00,-0.9,76,1026,1,2.1,254,19,0,0,NA,"Jan",2010,1,"Jan 2010"
2010-01-12 07:15:00,-1.4,76,1026,0.8,1.6,249,15,0,0,NA,"Jan",2010,1,"Jan 2010"
2010-01-12 07:30:00,-1.9,78,1026,0.9,1.8,245,14,0,0,NA,"Jan",2010,1,"Jan 2010"
2010-01-12 07:45:00,-1.5,78,1026,1.1,1.9,239,15,32.2,0,NA,"Jan",2010,1,"Jan 2010"
2010-01-12 08:00:00,-0.9,75,1026,1.4,2.7,247,18,117,0,NA,"Jan",2010,1,"Jan 2010"
2010-01-12 08:15:00,-0.1,72,1026,1.5,2.6,248,16,174.8,0,NA,"Jan",2010,1,"Jan 2010"
2010-01-13 06:15:00,-0.2,87,1027,1.3,2.5,295,17,0,0,NA,"Jan",2010,1,"Jan 2010"
2010-01-13 06:30:00,-0.4,87,1027,1.5,2.5,292,12,0,0,NA,"Jan",2010,1,"Jan 2010"
2010-01-13 06:45:00,-0.5,88,1027,1.4,2.4,295,13,0,0,NA,"Jan",2010,1,"Jan 2010"
2010-01-13 07:00:00,-0.6,88,1027,1.1,2.3,306,17,0,0,NA,"Jan",2010,1,"Jan 2010"
2010-01-13 07:15:00,-0.5,88,1027,1.1,2.3,307,16,0,0,NA,"Jan",2010,1,"Jan 2010"
2010-01-13 07:30:00,-0.8,89,1027,1.3,2.6,303,13,0,0,NA,"Jan",2010,1,"Jan 2010"
2010-01-13 07:45:00,-0.4,89,1027,1.4,2.3,291,19,32,0,NA,"Jan",2010,1,"Jan 2010"
2010-01-13 08:00:00,-0.1,87,1027,1.3,2.6,290,18,112.3,0,NA,"Jan",2010,1,"Jan 2010"
2010-02-17 06:15:00,0,92,1017,0.7,1.7,261,15,0,0,NA,"Feb",2010,2,"Feb 2010"
2010-02-17 06:30:00,-0.3,93,1018,0.8,1.6,256,13,0,0,NA,"Feb",2010,2,"Feb 2010"
2010-02-17 06:45:00,-0.3,94,1018,0.9,2,265,14,0,0,NA,"Feb",2010,2,"Feb 2010"
2010-02-17 07:00:00,-0.2,93,1018,1.3,2.6,271,12,0,0,NA,"Feb",2010,2,"Feb 2010"
2010-02-17 07:15:00,-0.3,93,1018,0.9,1.8,264,15,0,0,NA,"Feb",2010,2,"Feb 2010"
2010-02-17 07:30:00,0,93,1018,0.9,2,256,16,56.4,0,NA,"Feb",2010,2,"Feb 2010"
2010-02-26 06:15:00,0,83,1019,1.4,1.9,267,12,0,0,NA,"Feb",2010,2,"Feb 2010"
2010-02-26 06:30:00,-0.2,85,1019,1.3,2.2,271,14,0,0,NA,"Feb",2010,2,"Feb 2010"
2010-02-26 06:45:00,-0.3,85,1019,1.3,2.2,273,14,0,0,NA,"Feb",2010,2,"Feb 2010"
2010-02-26 07:00:00,-0.1,85,1019,1.3,2,278,12,0,0,NA,"Feb",2010,2,"Feb 2010"
2010-12-07 06:00:00,-0.1,63,1018,2,4.2,297,20,0,0,NA,"Dec",2010,12,"Dec 2010"
2010-12-07 06:15:00,-0.2,62,1018,2.2,4.4,308,21,0,0,NA,"Dec",2010,12,"Dec 2010"
2010-12-07 06:30:00,-0.3,62,1018,2.1,4.4,309,19,0,0,NA,"Dec",2010,12,"Dec 2010"
2010-12-07 06:45:00,-0.7,63,1018,1.6,3.2,307,24,0,0,NA,"Dec",2010,12,"Dec 2010"
2010-12-07 07:00:00,-0.7,62,1019,1.9,3.5,309,21,0,0,NA,"Dec",2010,12,"Dec 2010"
2010-12-07 07:15:00,-0.9,62,1019,1.8,3.4,312,19,0,0,NA,"Dec",2010,12,"Dec 2010"
2010-12-07 07:30:00,-0.8,62,1019,1.8,3.7,309,19,21.2,0,NA,"Dec",2010,12,"Dec 2010"
2010-12-07 07:45:00,-0.4,60,1019,2.1,4.4,296,22,119.4,0,NA,"Dec",2010,12,"Dec 2010"
2010-12-07 08:00:00,0,58,1019,2.4,3.9,299,20,170.7,0,NA,"Dec",2010,12,"Dec 2010"
2010-12-08 00:15:00,0,67,1019,0.8,1.6,259,16,0,0,NA,"Dec",2010,12,"Dec 2010"
2010-12-08 00:30:00,-0.4,69,1019,0.9,1.8,258,15,0,0,NA,"Dec",2010,12,"Dec 2010"
2010-12-08 00:45:00,-0.3,68,1019,1.2,2.1,268,17,0,0,NA,"Dec",2010,12,"Dec 2010"
2010-12-08 01:00:00,-0.3,68,1019,1.1,1.8,256,16,0,0,NA,"Dec",2010,12,"Dec 2010"
2010-12-08 01:15:00,0,67,1019,1.6,2.7,270,15,0,0,NA,"Dec",2010,12,"Dec 2010"
2010-12-08 03:30:00,0,68,1019,1.9,3.1,267,13,0,0,NA,"Dec",2010,12,"Dec 2010"
2010-12-08 03:45:00,-0.2,69,1019,1.5,2.3,269,13,0,0,NA,"Dec",2010,12,"Dec 2010"
2010-12-08 04:15:00,0,69,1019,1.3,2.4,268,17,0,0,NA,"Dec",2010,12,"Dec 2010"
2010-12-08 04:30:00,0,69,1019,1.2,2.5,279,20,0,0,NA,"Dec",2010,12,"Dec 2010"
2010-12-08 04:45:00,-0.5,71,1019,1.2,2.4,275,13,0,0,NA,"Dec",2010,12,"Dec 2010"
2010-12-08 05:00:00,-0.5,72,1019,1.2,2.2,284,17,0,0,NA,"Dec",2010,12,"Dec 2010"
2010-12-08 05:15:00,-0.5,72,1019,1.5,3,287,17,0,0,NA,"Dec",2010,12,"Dec 2010"
2010-12-08 05:30:00,-0.5,71,1020,1.9,3.2,278,17,0,0,NA,"Dec",2010,12,"Dec 2010"
2010-12-08 05:45:00,-0.5,70,1020,1.7,3.1,284,18,0,0,NA,"Dec",2010,12,"Dec 2010"
2010-12-08 06:00:00,-0.8,71,1020,1.4,2.6,289,21,0,0,NA,"Dec",2010,12,"Dec 2010"
2010-12-08 06:15:00,-0.8,71,1020,1.3,2.7,287,20,0,0,NA,"Dec",2010,12,"Dec 2010"
2010-12-08 06:30:00,-1.1,71,1020,1.2,2.3,274,19,0,0,NA,"Dec",2010,12,"Dec 2010"
2010-12-08 06:45:00,-1.3,73,1020,1.1,2.2,263,20,0,0,NA,"Dec",2010,12,"Dec 2010"
2010-12-08 07:00:00,-1.3,72,1020,1.5,2.5,269,14,0,0,NA,"Dec",2010,12,"Dec 2010"
2010-12-08 07:15:00,-1.3,71,1020,1.3,2.6,271,16,0,0,NA,"Dec",2010,12,"Dec 2010"
2010-12-08 07:30:00,-0.9,68,1020,1.4,2.5,266,15,14.9,0,NA,"Dec",2010,12,"Dec 2010"
2010-12-08 07:45:00,-0.2,63,1020,1.7,3.3,274,16,111.9,0,NA,"Dec",2010,12,"Dec 2010"
2010-12-14 00:15:00,-0.1,45,1017,3.6,7.7,305,23,0,0,NA,"Dec",2010,12,"Dec 2010"
2010-12-14 00:30:00,-0.2,46,1016,3.6,7.6,311,21,0,0,NA,"Dec",2010,12,"Dec 2010"
2010-12-14 00:45:00,-0.5,47,1017,2.9,6.4,300,22,0,0,NA,"Dec",2010,12,"Dec 2010"
2010-12-14 01:00:00,-0.7,48,1017,2.8,6.1,303,24,0,0,NA,"Dec",2010,12,"Dec 2010"
2010-12-14 01:15:00,-0.9,48,1017,2.9,5.3,308,22,0,0,NA,"Dec",2010,12,"Dec 2010"
2010-12-14 01:30:00,-1,48,1017,3.3,6.3,310,20,0,0,NA,"Dec",2010,12,"Dec 2010"
2010-12-14 01:45:00,-1.2,48,1017,3.2,6.3,314,19,0,0,NA,"Dec",2010,12,"Dec 2010"
2010-12-14 02:00:00,-1.4,49,1017,2.8,5.7,312,21,0,0,NA,"Dec",2010,12,"Dec 2010"
2010-12-14 02:15:00,-1.6,50,1017,2.6,4.9,312,24,0,0,NA,"Dec",2010,12,"Dec 2010"
2010-12-14 02:30:00,-1.8,52,1017,2.3,4.5,304,21,0,0,NA,"Dec",2010,12,"Dec 2010"
2010-12-14 02:45:00,-2,53,1017,2.6,4.9,315,20,0,0,NA,"Dec",2010,12,"Dec 2010"
2010-12-14 03:00:00,-2.1,53,1017,2.6,4.8,312,23,0,0,NA,"Dec",2010,12,"Dec 2010"
2010-12-14 03:15:00,-2.2,53,1017,3,5.6,311,19,0,0,NA,"Dec",2010,12,"Dec 2010"
2010-12-14 03:30:00,-2.2,52,1017,3.1,5.7,314,22,0,0,NA,"Dec",2010,12,"Dec 2010"
2010-12-14 03:45:00,-2.2,52,1017,2.8,5.6,316,19,0,0,NA,"Dec",2010,12,"Dec 2010"
2010-12-14 04:00:00,-2.4,52,1017,2.7,5.7,314,22,0,0,NA,"Dec",2010,12,"Dec 2010"
2010-12-14 04:15:00,-2.4,52,1017,2.7,4.9,312,21,0,0,NA,"Dec",2010,12,"Dec 2010"
2010-12-14 04:30:00,-2.8,54,1017,1.9,3.6,298,21,0,0,NA,"Dec",2010,12,"Dec 2010"
2010-12-14 04:45:00,-3.1,58,1017,1.6,3.9,302,21,0,0,NA,"Dec",2010,12,"Dec 2010"
2010-12-14 05:00:00,-3.2,58,1018,1.9,3.6,308,22,0,0,NA,"Dec",2010,12,"Dec 2010"
2010-12-14 05:15:00,-3.3,59,1018,1.6,3.6,299,22,0,0,NA,"Dec",2010,12,"Dec 2010"
2010-12-14 05:30:00,-3.5,60,1018,1.6,3.7,298,24,0,0,NA,"Dec",2010,12,"Dec 2010"
2010-12-14 05:45:00,-3.5,60,1018,1.7,3.5,311,21,0,0,NA,"Dec",2010,12,"Dec 2010"
2010-12-14 06:00:00,-3.7,60,1018,1.9,3.6,308,19,0,0,NA,"Dec",2010,12,"Dec 2010"
2010-12-14 06:15:00,-3.8,60,1019,1.8,3.8,310,20,0,0,NA,"Dec",2010,12,"Dec 2010"
2010-12-14 06:30:00,-3.9,61,1019,1.8,3.5,303,20,0,0,NA,"Dec",2010,12,"Dec 2010"
2010-12-14 06:45:00,-4,60,1019,2,3.9,291,22,0,0,NA,"Dec",2010,12,"Dec 2010"
2010-12-14 07:00:00,-4,61,1019,1.6,3.8,301,22,0,0,NA,"Dec",2010,12,"Dec 2010"
2010-12-14 07:15:00,-4.2,62,1019,1.6,3,304,23,0,0,NA,"Dec",2010,12,"Dec 2010"
2010-12-14 07:30:00,-4.1,61,1019,1.6,3.2,307,24,0.5,0,NA,"Dec",2010,12,"Dec 2010"
2010-12-14 07:45:00,-3.8,60,1020,1.3,3,311,21,86.6,0,NA,"Dec",2010,12,"Dec 2010"
2010-12-14 08:00:00,-3.5,59,1020,1.6,3.2,308,22,168,0,NA,"Dec",2010,12,"Dec 2010"
2010-12-14 08:15:00,-3.1,57,1020,1.8,3.4,319,21,227.9,0,NA,"Dec",2010,12,"Dec 2010"
2010-12-14 08:30:00,-2.8,56,1020,2.3,4.1,315,20,335.2,0,NA,"Dec",2010,12,"Dec 2010"
2010-12-14 08:45:00,-2.4,54,1020,2.2,4.1,307,22,389.9,0,NA,"Dec",2010,12,"Dec 2010"
2010-12-14 09:00:00,-1.8,52,1020,2.3,4.3,304,25,499.5,0,NA,"Dec",2010,12,"Dec 2010"
2010-12-14 09:15:00,-1.5,50,1020,2.6,4.7,305,25,552.1,0,NA,"Dec",2010,12,"Dec 2010"
2010-12-14 09:30:00,-1,48,1021,2.4,4.7,305,25,656.5,0,NA,"Dec",2010,12,"Dec 2010"
2010-12-14 09:45:00,-0.4,46,1021,2.3,4.7,301,25,690.7,0,NA,"Dec",2010,12,"Dec 2010"
2010-12-14 20:15:00,-0.1,50,1019,0.9,1.4,268,11,0,0,NA,"Dec",2010,12,"Dec 2010"
2010-12-14 21:15:00,-0.1,47,1020,1.1,1.8,263,8,0,0,NA,"Dec",2010,12,"Dec 2010"
2010-12-14 21:30:00,-0.7,52,1020,1.1,1.9,263,11,0,0,NA,"Dec",2010,12,"Dec 2010"
2010-12-14 21:45:00,-0.1,45,1020,1.4,2,278,11,0,0,NA,"Dec",2010,12,"Dec 2010"
2010-12-14 22:00:00,-0.4,48,1020,1.2,1.7,259,11,0,0,NA,"Dec",2010,12,"Dec 2010"
2010-12-14 22:15:00,-0.6,48,1020,1.2,2,266,13,0,0,NA,"Dec",2010,12,"Dec 2010"
2010-12-14 22:30:00,-0.7,50,1020,1.4,2.1,267,12,0,0,NA,"Dec",2010,12,"Dec 2010"
2010-12-14 22:45:00,-0.5,48,1021,1.5,2.4,280,13,0,0,NA,"Dec",2010,12,"Dec 2010"
2010-12-14 23:00:00,-0.3,46,1020,1.4,2.5,278,15,0,0,NA,"Dec",2010,12,"Dec 2010"
2010-12-14 23:15:00,-0.6,49,1020,1.3,1.9,276,14,0,0,NA,"Dec",2010,12,"Dec 2010"
2010-12-14 23:30:00,-0.7,48,1020,1.5,2.5,277,13,0,0,NA,"Dec",2010,12,"Dec 2010"
2010-12-14 23:45:00,-0.6,47,1020,1.8,2.8,278,14,0,0,NA,"Dec",2010,12,"Dec 2010"
2010-12-15,-0.7,47,1020,1.5,2.4,271,18,0,0,NA,"Dec",2010,12,"Dec 2010"
2010-12-15 00:15:00,-1,49,1019,1.5,2.4,268,14,0,0,NA,"Dec",2010,12,"Dec 2010"
2010-12-15 00:30:00,-1.4,51,1019,1.4,2.5,264,13,0,0,NA,"Dec",2010,12,"Dec 2010"
2010-12-15 00:45:00,-1.7,53,1019,1.5,2.4,265,14,0,0,NA,"Dec",2010,12,"Dec 2010"
2010-12-15 01:00:00,-1.5,51,1019,1.5,2.6,264,12,0,0,NA,"Dec",2010,12,"Dec 2010"
2010-12-15 01:15:00,-1.8,54,1019,1.6,2.5,256,10,0,0,NA,"Dec",2010,12,"Dec 2010"
2010-12-15 01:30:00,-1.5,51,1019,1.6,2.7,266,13,0,0,NA,"Dec",2010,12,"Dec 2010"
2010-12-15 01:45:00,-1.4,50,1019,1.7,2.6,265,13,0,0,NA,"Dec",2010,12,"Dec 2010"
2010-12-15 02:00:00,-1.6,51,1019,1.6,2.4,269,11,0,0,NA,"Dec",2010,12,"Dec 2010"
2010-12-15 02:15:00,-1.9,53,1019,1.6,2.5,272,11,0,0,NA,"Dec",2010,12,"Dec 2010"
2010-12-15 02:30:00,-2.1,55,1019,1.7,3,271,10,0,0,NA,"Dec",2010,12,"Dec 2010"
2010-12-15 02:45:00,-1.7,54,1020,1.6,2.8,277,15,0,0,NA,"Dec",2010,12,"Dec 2010"
2010-12-15 03:00:00,-1.5,54,1020,1.5,2.6,279,18,0,0,NA,"Dec",2010,12,"Dec 2010"
2010-12-15 03:15:00,-1.7,56,1019,1.4,2.5,267,14,0,0,NA,"Dec",2010,12,"Dec 2010"
2010-12-15 03:30:00,-2.2,59,1019,1.4,2.1,264,13,0,0,NA,"Dec",2010,12,"Dec 2010"
2010-12-15 03:45:00,-2.4,61,1019,1.4,2.6,258,15,0,0,NA,"Dec",2010,12,"Dec 2010"
2010-12-15 04:00:00,-2.3,61,1019,1.6,2.7,269,14,0,0,NA,"Dec",2010,12,"Dec 2010"
2010-12-15 04:15:00,-2.4,62,1019,1.5,2.5,270,14,0,0,NA,"Dec",2010,12,"Dec 2010"
2010-12-15 04:30:00,-2.2,61,1020,1.8,3.4,286,16,0,0,NA,"Dec",2010,12,"Dec 2010"
2010-12-15 04:45:00,-2.2,60,1020,1.6,3.6,294,18,0,0,NA,"Dec",2010,12,"Dec 2010"
2010-12-15 05:00:00,-2.1,58,1020,1.9,3.4,289,18,0,0,NA,"Dec",2010,12,"Dec 2010"
2010-12-15 05:15:00,-1.9,56,1020,1.9,3.3,285,19,0,0,NA,"Dec",2010,12,"Dec 2010"
2010-12-15 05:30:00,-1.9,55,1019,2,3.1,281,17,0,0,NA,"Dec",2010,12,"Dec 2010"
2010-12-15 05:45:00,-1.9,55,1019,1.8,3.2,288,18,0,0,NA,"Dec",2010,12,"Dec 2010"
2010-12-15 06:00:00,-1.9,54,1020,1.7,3.2,282,20,0,0,NA,"Dec",2010,12,"Dec 2010"
2010-12-15 06:15:00,-2,54,1020,1.6,2.8,286,17,0,0,NA,"Dec",2010,12,"Dec 2010"
2010-12-15 06:30:00,-2.1,56,1020,1.8,3.4,298,19,0,0,NA,"Dec",2010,12,"Dec 2010"
2010-12-15 06:45:00,-1.8,53,1020,1.9,3.8,304,21,0,0,NA,"Dec",2010,12,"Dec 2010"
2010-12-15 07:00:00,-1.8,54,1021,2,4,301,21,0,0,NA,"Dec",2010,12,"Dec 2010"
2010-12-15 07:15:00,-1.8,53,1021,2.1,3.9,301,19,0,0,NA,"Dec",2010,12,"Dec 2010"
2010-12-15 07:30:00,-1.8,53,1021,2.3,3.8,301,17,0,0,NA,"Dec",2010,12,"Dec 2010"
2010-12-15 07:45:00,-1.5,51,1021,2.1,4.1,304,21,72.3,0,NA,"Dec",2010,12,"Dec 2010"
2010-12-15 08:00:00,-1.1,49,1021,2.2,4.2,312,20,165.3,0,NA,"Dec",2010,12,"Dec 2010"
2010-12-15 08:15:00,-0.7,46,1021,2.3,3.8,316,21,213.1,0,NA,"Dec",2010,12,"Dec 2010"
2010-12-15 08:30:00,-0.2,44,1021,2.4,3.9,324,17,324.3,0,NA,"Dec",2010,12,"Dec 2010"
2010-12-15 22:45:00,0,87,1019,0.6,0.8,235,12,0,0,NA,"Dec",2010,12,"Dec 2010"
2010-12-15 23:00:00,-0.2,88,1019,0.2,0.9,235,37,0,0,NA,"Dec",2010,12,"Dec 2010"
2010-12-15 23:15:00,0,88,1019,0.1,0.7,329,42,0,0,NA,"Dec",2010,12,"Dec 2010"
2010-12-16 00:15:00,0,88,1018,0.4,0.7,248,17,0,0,NA,"Dec",2010,12,"Dec 2010"
2010-12-16 00:45:00,0,88,1018,0.2,0.5,255,13,0,0,NA,"Dec",2010,12,"Dec 2010"
2010-12-16 01:15:00,-0.1,88,1018,0,0.3,222,15,0,0,NA,"Dec",2010,12,"Dec 2010"
2010-12-16 01:30:00,-0.2,89,1018,0.2,0.7,227,18,0,0,NA,"Dec",2010,12,"Dec 2010"
2010-12-16 04:15:00,0,87,1018,0.2,0.6,231,18,0,0,NA,"Dec",2010,12,"Dec 2010"
2010-12-16 04:30:00,-0.4,89,1018,0.3,0.6,248,6,0,0,NA,"Dec",2010,12,"Dec 2010"
2010-12-16 04:45:00,-0.8,90,1018,0.4,0.6,237,8,0,0,NA,"Dec",2010,12,"Dec 2010"
2010-12-16 05:00:00,-0.8,91,1018,0.5,0.8,258,17,0,0,NA,"Dec",2010,12,"Dec 2010"
2010-12-16 05:15:00,-1,92,1018,0.5,0.8,234,11,0,0,NA,"Dec",2010,12,"Dec 2010"
2010-12-16 05:30:00,-1.1,92,1018,0.2,0.5,282,16,0,0,NA,"Dec",2010,12,"Dec 2010"
2010-12-16 05:45:00,-1.1,93,1018,0.2,0.9,287,37,0,0,NA,"Dec",2010,12,"Dec 2010"
2010-12-16 06:00:00,-0.5,93,1018,0.7,1.9,240,39,0,0,NA,"Dec",2010,12,"Dec 2010"
2010-12-16 07:00:00,-0.5,88,1018,0.3,0.6,234,15,0,0,NA,"Dec",2010,12,"Dec 2010"
2010-12-16 07:15:00,-0.8,90,1018,0.3,1,207,11,0,0,NA,"Dec",2010,12,"Dec 2010"
2010-12-16 07:30:00,-0.5,91,1018,0.4,1.3,215,22,0,0,NA,"Dec",2010,12,"Dec 2010"
2010-12-21 06:30:00,-0.1,98,1020,0.1,0.4,222,3,0,0,NA,"Dec",2010,12,"Dec 2010"
2010-12-21 06:45:00,-0.1,98,1021,0.2,0.6,218,7,0,0,NA,"Dec",2010,12,"Dec 2010"
2010-12-21 07:00:00,-0.1,98,1021,0.1,0.4,232,1,0,0,NA,"Dec",2010,12,"Dec 2010"
2010-12-21 07:15:00,-0.1,98,1021,0.3,0.5,242,2,0,0,NA,"Dec",2010,12,"Dec 2010"
2010-12-27 01:15:00,0,65,1017,2.6,5.3,280,20,0,0,NA,"Dec",2010,12,"Dec 2010"
2010-12-27 01:30:00,-0.1,67,1017,2.3,4.3,275,20,0,0,NA,"Dec",2010,12,"Dec 2010"
2010-12-27 01:45:00,-0.3,68,1017,1.7,3.5,274,21,0,0,NA,"Dec",2010,12,"Dec 2010"
2010-12-27 02:00:00,-0.4,69,1017,2.1,4.7,277,22,0,0,NA,"Dec",2010,12,"Dec 2010"
2010-12-27 02:15:00,-0.2,69,1017,2.4,4.7,276,20,0,0,NA,"Dec",2010,12,"Dec 2010"
2010-12-27 02:30:00,-0.2,70,1017,2.3,5.2,277,21,0,0,NA,"Dec",2010,12,"Dec 2010"
2010-12-27 02:45:00,-0.2,70,1017,2.9,5.8,279,22,0,0,NA,"Dec",2010,12,"Dec 2010"
2010-12-27 03:00:00,-0.3,71,1018,2.9,5.5,286,20,0,0,NA,"Dec",2010,12,"Dec 2010"
2010-12-27 03:15:00,-0.4,70,1018,2.9,5.3,290,22,0,0,NA,"Dec",2010,12,"Dec 2010"
2010-12-27 03:30:00,-0.4,67,1018,3.2,6.6,295,21,0,0,NA,"Dec",2010,12,"Dec 2010"
2010-12-27 03:45:00,-0.6,66,1018,3,6,296,24,0,0,NA,"Dec",2010,12,"Dec 2010"
2010-12-27 04:00:00,-0.7,64,1018,3.4,6.7,296,23,0,0,NA,"Dec",2010,12,"Dec 2010"
2010-12-27 04:15:00,-1,66,1018,2.5,5.1,285,21,0,0,NA,"Dec",2010,12,"Dec 2010"
2010-12-27 04:30:00,-1.3,67,1018,2.5,5.1,292,26,0,0,NA,"Dec",2010,12,"Dec 2010"
2010-12-27 04:45:00,-1.3,66,1018,2.7,5.1,294,23,0,0,NA,"Dec",2010,12,"Dec 2010"
2010-12-27 05:00:00,-1.4,66,1018,2.7,5.2,289,24,0,0,NA,"Dec",2010,12,"Dec 2010"
2010-12-27 05:15:00,-1.4,66,1019,2.7,5.3,294,20,0,0,NA,"Dec",2010,12,"Dec 2010"
2010-12-27 05:30:00,-1.6,67,1019,2.4,5.2,290,23,0,0,NA,"Dec",2010,12,"Dec 2010"
2010-12-27 05:45:00,-1.6,67,1019,2.6,4.7,291,20,0,0,NA,"Dec",2010,12,"Dec 2010"
2010-12-27 06:00:00,-1.7,67,1019,2.6,4.9,297,23,0,0,NA,"Dec",2010,12,"Dec 2010"
2010-12-27 06:15:00,-1.7,68,1019,2.3,4.2,287,20,0,0,NA,"Dec",2010,12,"Dec 2010"
2010-12-27 06:30:00,-2,69,1020,2.4,4.1,285,21,0,0,NA,"Dec",2010,12,"Dec 2010"
2010-12-27 06:45:00,-2.2,71,1020,2,3.7,282,22,0,0,NA,"Dec",2010,12,"Dec 2010"
2010-12-27 07:00:00,-2.2,71,1020,2.3,4,294,20,0,0,NA,"Dec",2010,12,"Dec 2010"
2010-12-27 07:15:00,-2.3,71,1020,2.3,4.4,281,19,0,0,NA,"Dec",2010,12,"Dec 2010"
2010-12-27 07:30:00,-2.2,71,1020,2.1,3.8,286,22,0,0,NA,"Dec",2010,12,"Dec 2010"
2010-12-27 07:45:00,-2,70,1020,2.1,4.3,283,23,36.1,0,NA,"Dec",2010,12,"Dec 2010"
2010-12-27 08:00:00,-1.6,68,1021,2.3,4.6,279,21,132.2,0,NA,"Dec",2010,12,"Dec 2010"
2010-12-27 08:15:00,-1.3,67,1021,2.6,5.6,287,20,177.7,0,NA,"Dec",2010,12,"Dec 2010"
2010-12-27 08:30:00,-0.9,65,1021,2.8,5.2,290,22,287.5,0,NA,"Dec",2010,12,"Dec 2010"
2010-12-27 08:45:00,-0.6,64,1021,3.4,6.1,290,23,336.2,0,NA,"Dec",2010,12,"Dec 2010"
2010-12-27 09:00:00,-0.2,62,1021,3.2,5.4,300,24,444.1,0,NA,"Dec",2010,12,"Dec 2010"
2010-12-27 22:15:00,0,71,1025,0.9,1.5,257,13,0,0,NA,"Dec",2010,12,"Dec 2010"
2010-12-27 22:30:00,-0.1,72,1025,0.9,1.9,259,14,0,0,NA,"Dec",2010,12,"Dec 2010"
2010-12-27 22:45:00,-0.1,72,1025,1,1.7,264,14,0,0,NA,"Dec",2010,12,"Dec 2010"
2010-12-27 23:00:00,-0.2,72,1025,0.9,1.6,263,13,0,0,NA,"Dec",2010,12,"Dec 2010"
2010-12-27 23:15:00,-0.3,73,1025,1.1,1.8,264,16,0,0,NA,"Dec",2010,12,"Dec 2010"
2010-12-27 23:30:00,-0.3,73,1025,1.3,2.3,259,14,0,0,NA,"Dec",2010,12,"Dec 2010"
2010-12-27 23:45:00,-0.3,72,1025,1.3,2.7,273,18,0,0,NA,"Dec",2010,12,"Dec 2010"
2010-12-28,-0.4,73,1025,1.1,2.1,278,13,0,0,NA,"Dec",2010,12,"Dec 2010"
2010-12-28 00:15:00,-0.4,73,1025,1.1,1.9,277,12,0,0,NA,"Dec",2010,12,"Dec 2010"
2010-12-28 00:30:00,-0.7,74,1025,1.1,2.6,275,13,0,0,NA,"Dec",2010,12,"Dec 2010"
2010-12-28 00:45:00,-0.3,73,1025,1.6,2.4,273,13,0,0,NA,"Dec",2010,12,"Dec 2010"
2010-12-28 01:00:00,-0.7,74,1025,1.4,2.7,267,13,0,0,NA,"Dec",2010,12,"Dec 2010"
2010-12-28 01:15:00,-1,76,1025,1.3,2.4,268,14,0,0,NA,"Dec",2010,12,"Dec 2010"
2010-12-28 01:30:00,-1,76,1025,1.4,2.2,270,12,0,0,NA,"Dec",2010,12,"Dec 2010"
2010-12-28 01:45:00,-0.9,76,1025,1.6,2.9,274,11,0,0,NA,"Dec",2010,12,"Dec 2010"
2010-12-28 02:00:00,-0.9,77,1025,1.7,2.5,278,12,0,0,NA,"Dec",2010,12,"Dec 2010"
2010-12-28 02:15:00,-1,77,1025,1.7,2.5,279,13,0,0,NA,"Dec",2010,12,"Dec 2010"
2010-12-28 02:30:00,-1,78,1025,1.8,3.1,280,15,0,0,NA,"Dec",2010,12,"Dec 2010"
2010-12-28 02:45:00,-0.8,77,1025,1.8,3.5,288,17,0,0,NA,"Dec",2010,12,"Dec 2010"
2010-12-28 03:00:00,-0.6,75,1025,1.5,2.7,296,18,0,0,NA,"Dec",2010,12,"Dec 2010"
2010-12-28 03:15:00,-0.6,76,1025,1.2,2.2,309,21,0,0,NA,"Dec",2010,12,"Dec 2010"
2010-12-28 03:30:00,-0.6,76,1025,0.9,1.9,306,19,0,0,NA,"Dec",2010,12,"Dec 2010"
2010-12-28 03:45:00,-1.1,77,1025,1.3,2.6,290,18,0,0,NA,"Dec",2010,12,"Dec 2010"
2010-12-28 04:00:00,-1.3,77,1025,1.3,2.5,281,17,0,0,NA,"Dec",2010,12,"Dec 2010"
2010-12-28 04:15:00,-1.6,79,1025,1.3,2,285,18,0,0,NA,"Dec",2010,12,"Dec 2010"
2010-12-28 04:30:00,-1.8,79,1025,1,1.6,263,11,0,0,NA,"Dec",2010,12,"Dec 2010"
2010-12-28 04:45:00,-2.5,83,1025,1.1,2.1,273,13,0,0,NA,"Dec",2010,12,"Dec 2010"
2010-12-28 05:00:00,-2,82,1025,1.3,2.6,284,18,0,0,NA,"Dec",2010,12,"Dec 2010"
2010-12-28 05:15:00,-2,81,1025,1.5,2.4,284,15,0,0,NA,"Dec",2010,12,"Dec 2010"
2010-12-28 05:30:00,-1.8,79,1025,1.6,3.2,293,17,0,0,NA,"Dec",2010,12,"Dec 2010"
2010-12-28 05:45:00,-1.7,78,1025,1.6,2.8,291,18,0,0,NA,"Dec",2010,12,"Dec 2010"
2010-12-28 06:00:00,-1.6,77,1025,1.5,3,284,18,0,0,NA,"Dec",2010,12,"Dec 2010"
2010-12-28 06:15:00,-1.8,77,1025,1.3,2.3,271,19,0,0,NA,"Dec",2010,12,"Dec 2010"
2010-12-28 06:30:00,-2.2,79,1025,1.5,2.4,269,16,0,0,NA,"Dec",2010,12,"Dec 2010"
2010-12-28 06:45:00,-2.2,79,1025,1.6,2.6,272,17,0,0,NA,"Dec",2010,12,"Dec 2010"
2010-12-28 07:00:00,-2.4,80,1026,1.6,2.4,274,16,0,0,NA,"Dec",2010,12,"Dec 2010"
2010-12-28 07:15:00,-2.5,81,1026,1.6,2.9,268,20,0,0,NA,"Dec",2010,12,"Dec 2010"
2010-12-28 07:30:00,-2.6,82,1026,1.4,3.1,271,16,0,0,NA,"Dec",2010,12,"Dec 2010"
2010-12-28 07:45:00,-2.3,82,1026,1.3,2.2,271,17,36.4,0,NA,"Dec",2010,12,"Dec 2010"
2010-12-28 08:00:00,-1.8,81,1026,1.4,2.3,272,17,131.3,0,NA,"Dec",2010,12,"Dec 2010"
2010-12-28 08:15:00,-1.3,79,1026,1.5,2.6,273,18,179.6,0,NA,"Dec",2010,12,"Dec 2010"
2010-12-28 08:30:00,-0.7,77,1027,1.7,2.8,276,21,287.5,0,NA,"Dec",2010,12,"Dec 2010"
2010-12-28 20:45:00,0,80,1024,0.1,0.5,238,17,0,0,NA,"Dec",2010,12,"Dec 2010"
2010-12-28 21:00:00,-0.2,81,1024,0.5,1.2,240,9,0,0,NA,"Dec",2010,12,"Dec 2010"
2010-12-28 21:15:00,-0.2,80,1024,0.1,0.5,237,8,0,0,NA,"Dec",2010,12,"Dec 2010"
2010-12-28 21:30:00,-0.3,81,1024,0.1,0.5,215,14,0,0,NA,"Dec",2010,12,"Dec 2010"
2010-12-28 21:45:00,-0.7,81,1024,0.4,0.6,233,10,0,0,NA,"Dec",2010,12,"Dec 2010"
2010-12-28 22:00:00,-0.9,82,1024,0.4,0.6,234,9,0,0,NA,"Dec",2010,12,"Dec 2010"
2010-12-28 22:15:00,-1.2,83,1024,0.4,0.6,223,10,0,0,NA,"Dec",2010,12,"Dec 2010"
2010-12-28 22:30:00,-1.4,82,1024,0.5,0.8,235,9,0,0,NA,"Dec",2010,12,"Dec 2010"
2010-12-28 22:45:00,-1.9,83,1024,0.2,0.7,248,7,0,0,NA,"Dec",2010,12,"Dec 2010"
2010-12-28 23:00:00,-2.3,84,1024,0.1,0.5,236,12,0,0,NA,"Dec",2010,12,"Dec 2010"
2010-12-28 23:15:00,-2.5,86,1024,0.2,0.7,258,11,0,0,NA,"Dec",2010,12,"Dec 2010"
2010-12-28 23:30:00,-2.6,87,1024,0.2,0.6,231,10,0,0,NA,"Dec",2010,12,"Dec 2010"
2010-12-28 23:45:00,-2.1,85,1024,0.6,1.5,237,22,0,0,NA,"Dec",2010,12,"Dec 2010"
2010-12-29,-0.5,76,1023,1.2,2.1,241,12,0,0,NA,"Dec",2010,12,"Dec 2010"
2010-12-29 01:00:00,0,74,1023,1.4,2.2,242,15,0,0,NA,"Dec",2010,12,"Dec 2010"
2010-12-29 01:15:00,-0.1,75,1023,1.4,2.4,249,16,0,0,NA,"Dec",2010,12,"Dec 2010"
2010-12-29 01:30:00,-0.3,76,1023,1.2,2.1,263,15,0,0,NA,"Dec",2010,12,"Dec 2010"
2010-12-29 01:45:00,-0.8,79,1023,0.9,2,252,15,0,0,NA,"Dec",2010,12,"Dec 2010"
2010-12-29 02:00:00,-0.9,80,1023,1.1,2.1,258,15,0,0,NA,"Dec",2010,12,"Dec 2010"
2010-12-29 02:15:00,-0.9,81,1023,0.8,1.8,267,18,0,0,NA,"Dec",2010,12,"Dec 2010"
2010-12-29 02:30:00,-0.9,81,1023,0.9,1.9,271,15,0,0,NA,"Dec",2010,12,"Dec 2010"
2010-12-29 02:45:00,-0.8,81,1023,1.2,2.2,262,12,0,0,NA,"Dec",2010,12,"Dec 2010"
2010-12-29 03:00:00,-0.6,81,1023,1.2,2.3,253,13,0,0,NA,"Dec",2010,12,"Dec 2010"
2010-12-29 03:15:00,-0.7,81,1023,0.9,2,256,13,0,0,NA,"Dec",2010,12,"Dec 2010"
2010-12-29 03:30:00,-0.6,82,1023,1.1,2,256,18,0,0,NA,"Dec",2010,12,"Dec 2010"
2010-12-29 03:45:00,-0.6,83,1023,1.3,2.3,255,17,0,0,NA,"Dec",2010,12,"Dec 2010"
2010-12-29 04:00:00,-0.6,83,1023,1.4,2.5,269,15,0,0,NA,"Dec",2010,12,"Dec 2010"
2010-12-29 04:15:00,-0.9,84,1022,1.2,2,272,16,0,0,NA,"Dec",2010,12,"Dec 2010"
2010-12-29 04:30:00,-1,86,1022,1.1,2,275,13,0,0,NA,"Dec",2010,12,"Dec 2010"
2010-12-29 04:45:00,-0.9,86,1022,1.6,2.3,272,12,0,0,NA,"Dec",2010,12,"Dec 2010"
2010-12-29 05:00:00,-1,87,1022,1.2,2.3,266,15,0,0,NA,"Dec",2010,12,"Dec 2010"
2010-12-29 05:15:00,-1.1,88,1022,1.4,2.2,265,15,0,0,NA,"Dec",2010,12,"Dec 2010"
2010-12-29 05:30:00,-0.9,87,1022,1.3,2.4,264,15,0,0,NA,"Dec",2010,12,"Dec 2010"
2010-12-29 05:45:00,-1,86,1023,1.3,2.1,265,13,0,0,NA,"Dec",2010,12,"Dec 2010"
2010-12-29 06:00:00,-1.3,87,1023,1.3,2.2,264,13,0,0,NA,"Dec",2010,12,"Dec 2010"
2010-12-29 06:15:00,-1.3,88,1023,1.3,1.9,263,11,0,0,NA,"Dec",2010,12,"Dec 2010"
2010-12-29 06:30:00,-1.3,88,1023,1.2,2.2,260,11,0,0,NA,"Dec",2010,12,"Dec 2010"
2010-12-29 06:45:00,-1.4,88,1023,1.2,2,256,11,0,0,NA,"Dec",2010,12,"Dec 2010"
2010-12-29 07:00:00,-1.3,88,1023,1.2,2,260,12,0,0,NA,"Dec",2010,12,"Dec 2010"
2010-12-29 07:15:00,-1.6,89,1023,1,1.6,256,11,0,0,NA,"Dec",2010,12,"Dec 2010"
2010-12-29 07:30:00,-1.7,90,1023,0.9,1.6,257,10,0,0,NA,"Dec",2010,12,"Dec 2010"
2010-12-29 07:45:00,-1.1,89,1023,0.7,1.4,252,14,35.4,0,NA,"Dec",2010,12,"Dec 2010"
2010-12-29 08:00:00,0,87,1023,0.1,0.7,252,7,121.7,0,NA,"Dec",2010,12,"Dec 2010"
2011-01-12 07:15:00,0,89,1027,1.2,2.1,292,25,0,0,NA,"Jan",2011,1,"Jan 2011"
2011-01-12 07:30:00,-0.1,88,1027,1,1.7,279,15,0,0,NA,"Jan",2011,1,"Jan 2011"
2011-01-12 07:45:00,0,87,1027,1,1.8,276,15,11.2,0,NA,"Jan",2011,1,"Jan 2011"
2011-01-13 00:45:00,0,60,1028,1.9,3.2,313,18,0,0,NA,"Jan",2011,1,"Jan 2011"
2011-01-13 01:00:00,-0.1,60,1028,1.8,3.4,307,19,0,0,NA,"Jan",2011,1,"Jan 2011"
2011-01-13 01:15:00,-0.3,61,1028,1.8,3.4,309,22,0,0,NA,"Jan",2011,1,"Jan 2011"
2011-01-13 01:30:00,-0.3,60,1029,1.9,3.4,312,19,0,0,NA,"Jan",2011,1,"Jan 2011"
2011-01-13 01:45:00,-0.5,60,1028,1.8,3.7,299,20,0,0,NA,"Jan",2011,1,"Jan 2011"
2011-01-13 02:00:00,-0.6,61,1028,1.9,3.6,304,20,0,0,NA,"Jan",2011,1,"Jan 2011"
2011-01-13 02:15:00,-0.8,62,1028,1.8,3.4,307,19,0,0,NA,"Jan",2011,1,"Jan 2011"
2011-01-13 02:30:00,-0.9,62,1029,2.2,4.2,304,20,0,0,NA,"Jan",2011,1,"Jan 2011"
2011-01-13 02:45:00,-0.9,62,1029,2.1,4.1,310,19,0,0,NA,"Jan",2011,1,"Jan 2011"
2011-01-13 03:00:00,-0.9,62,1029,2.3,4.1,316,19,0,0,NA,"Jan",2011,1,"Jan 2011"
2011-01-13 03:15:00,-1.2,63,1029,2.1,4.1,306,22,0,0,NA,"Jan",2011,1,"Jan 2011"
2011-01-13 03:30:00,-1.4,63,1029,2.2,4.2,311,20,0,0,NA,"Jan",2011,1,"Jan 2011"
2011-01-13 03:45:00,-1.5,64,1029,2.1,4.1,298,18,0,0,NA,"Jan",2011,1,"Jan 2011"
2011-01-13 04:00:00,-1.8,66,1029,2.7,5.9,305,21,0,0,NA,"Jan",2011,1,"Jan 2011"
2011-01-13 04:15:00,-1.8,65,1029,2.7,5.5,316,19,0,0,NA,"Jan",2011,1,"Jan 2011"
2011-01-13 04:30:00,-1.9,65,1029,2.5,4.4,315,23,0,0,NA,"Jan",2011,1,"Jan 2011"
2011-01-13 04:45:00,-2,65,1029,2.3,4.3,316,21,0,0,NA,"Jan",2011,1,"Jan 2011"
2011-01-13 05:00:00,-2.1,65,1029,2.8,5.9,317,18,0,0,NA,"Jan",2011,1,"Jan 2011"
2011-01-13 05:15:00,-2.2,66,1029,2.5,4.5,315,19,0,0,NA,"Jan",2011,1,"Jan 2011"
2011-01-13 05:30:00,-2.3,67,1029,2.5,4.2,317,19,0,0,NA,"Jan",2011,1,"Jan 2011"
2011-01-13 05:45:00,-2.4,68,1029,2.6,4.8,313,20,0,0,NA,"Jan",2011,1,"Jan 2011"
2011-01-13 06:00:00,-2.5,68,1029,2.8,5.6,321,21,0,0,NA,"Jan",2011,1,"Jan 2011"
2011-01-13 06:15:00,-2.6,69,1029,2.8,5.3,316,19,0,0,NA,"Jan",2011,1,"Jan 2011"
2011-01-13 06:30:00,-2.6,70,1029,2.6,4.7,310,20,0,0,NA,"Jan",2011,1,"Jan 2011"
2011-01-13 06:45:00,-2.8,70,1030,2.5,4.3,309,23,0,0,NA,"Jan",2011,1,"Jan 2011"
2011-01-13 07:00:00,-2.9,71,1030,2.5,4.5,313,20,0,0,NA,"Jan",2011,1,"Jan 2011"
2011-01-13 07:15:00,-2.9,71,1030,2.2,4.6,310,22,0,0,NA,"Jan",2011,1,"Jan 2011"
2011-01-13 07:30:00,-2.9,71,1030,2.4,4.3,307,22,0,0,NA,"Jan",2011,1,"Jan 2011"
2011-01-13 07:45:00,-2.9,71,1030,2.4,4.5,306,21,4.4,0,NA,"Jan",2011,1,"Jan 2011"
2011-01-13 08:00:00,-2.8,71,1031,2.4,4.2,305,19,101.5,0,NA,"Jan",2011,1,"Jan 2011"
2011-01-13 08:15:00,-2.5,70,1031,2.9,5.2,311,20,168.2,0,NA,"Jan",2011,1,"Jan 2011"
2011-01-13 08:30:00,-2.1,69,1031,2.8,5.8,310,20,276.8,0,NA,"Jan",2011,1,"Jan 2011"
2011-01-13 08:45:00,-1.7,67,1031,2.7,4.6,316,23,336.2,0,NA,"Jan",2011,1,"Jan 2011"
2011-01-13 09:00:00,-1.2,66,1031,2.9,5.1,323,18,444.6,0,NA,"Jan",2011,1,"Jan 2011"
2011-01-13 09:15:00,-0.4,65,1031,2.8,4.7,326,18,503.6,0,NA,"Jan",2011,1,"Jan 2011"
2011-01-14 05:15:00,0,88,1028,1.4,2.4,295,18,0,0,NA,"Jan",2011,1,"Jan 2011"
2011-01-14 05:30:00,0,88,1028,1.4,2.6,304,22,0,0,NA,"Jan",2011,1,"Jan 2011"
2011-01-14 05:45:00,0,89,1028,1.5,3.1,302,18,0,0,NA,"Jan",2011,1,"Jan 2011"
2011-01-14 06:00:00,0,89,1028,1.5,2.6,296,18,0,0,NA,"Jan",2011,1,"Jan 2011"
2011-01-14 06:15:00,-0.1,90,1028,1.5,3.2,301,21,0,0,NA,"Jan",2011,1,"Jan 2011"
2011-01-14 06:30:00,0,90,1028,1.7,3.1,304,19,0,0,NA,"Jan",2011,1,"Jan 2011"
2011-01-14 06:45:00,0,90,1028,1.4,2.5,306,23,0,0,NA,"Jan",2011,1,"Jan 2011"
2011-01-14 07:00:00,-0.1,90,1028,1.5,2.7,301,22,0,0,NA,"Jan",2011,1,"Jan 2011"
2011-01-14 07:15:00,-0.2,90,1028,1.5,2.6,288,16,0,0,NA,"Jan",2011,1,"Jan 2011"
2011-01-14 07:30:00,-0.3,91,1028,1.4,3.3,294,22,0,0,NA,"Jan",2011,1,"Jan 2011"
2011-01-14 07:45:00,0,91,1028,1.7,3.1,297,18,23.3,0,NA,"Jan",2011,1,"Jan 2011"
2011-01-23 00:45:00,-0.2,79,1017,0.7,1.2,227,21,0,0,NA,"Jan",2011,1,"Jan 2011"
2011-01-23 01:00:00,-0.1,78,1017,1.1,1.9,257,14,0,0,NA,"Jan",2011,1,"Jan 2011"
2012-01-03 19:30:00,0,66,1028,0.8,1,257,6,NA,0,NA,"Jan",2012,1,"Jan 2012"
2012-01-03 21:00:00,-0.2,60,1028,0.9,1.4,259,12,NA,0,NA,"Jan",2012,1,"Jan 2012"
2012-01-03 21:15:00,-0.5,61,1029,0.9,1.4,256,13,NA,0,NA,"Jan",2012,1,"Jan 2012"
2012-01-03 21:30:00,-1.2,64,1029,1.1,1.3,256,5,NA,0,NA,"Jan",2012,1,"Jan 2012"
2012-01-03 21:45:00,-1.4,66,1029,1,1.7,261,10,NA,0,NA,"Jan",2012,1,"Jan 2012"
2012-01-03 22:00:00,-0.8,62,1029,1.4,2.2,276,11,NA,0,NA,"Jan",2012,1,"Jan 2012"
2012-01-03 22:15:00,-0.6,61,1029,1.3,2.3,282,13,NA,0,NA,"Jan",2012,1,"Jan 2012"
2012-01-03 22:30:00,-0.6,62,1029,1.2,2.2,276,14,NA,0,NA,"Jan",2012,1,"Jan 2012"
2012-01-03 22:45:00,-0.7,62,1029,1.1,2.1,287,17,NA,0,NA,"Jan",2012,1,"Jan 2012"
2012-01-03 23:00:00,-0.3,60,1029,1.1,2.1,286,15,NA,0,NA,"Jan",2012,1,"Jan 2012"
2012-01-03 23:15:00,-0.3,61,1029,1.2,2.1,294,16,NA,0,NA,"Jan",2012,1,"Jan 2012"
2012-01-03 23:30:00,-0.3,61,1029,1.3,2.7,292,18,NA,0,NA,"Jan",2012,1,"Jan 2012"
2012-01-03 23:45:00,-0.4,58,1029,1.4,2.2,275,13,NA,0,NA,"Jan",2012,1,"Jan 2012"
2012-01-04,-0.7,61,1029,1.1,1.7,264,16,NA,0,NA,"Jan",2012,1,"Jan 2012"
2012-01-04 00:15:00,-1.4,66,1029,1.1,2.2,263,15,NA,0,NA,"Jan",2012,1,"Jan 2012"
2012-01-04 00:30:00,-1,62,1029,1.4,2.4,269,12,NA,0,NA,"Jan",2012,1,"Jan 2012"
2012-01-04 00:45:00,-0.7,60,1029,1.5,2.4,274,13,NA,0,NA,"Jan",2012,1,"Jan 2012"
2012-01-04 01:00:00,-0.8,62,1029,1.5,2.5,276,15,NA,0,NA,"Jan",2012,1,"Jan 2012"
2012-01-04 01:15:00,-0.7,61,1029,1.6,2.6,275,15,NA,0,NA,"Jan",2012,1,"Jan 2012"
2012-01-04 01:30:00,-1,63,1029,1.6,2.8,272,14,NA,0,NA,"Jan",2012,1,"Jan 2012"
2012-01-04 01:45:00,-1,62,1029,1.7,2.8,274,14,NA,0,NA,"Jan",2012,1,"Jan 2012"
2012-01-04 02:00:00,-0.8,60,1029,1.8,3,281,17,NA,0,NA,"Jan",2012,1,"Jan 2012"
2012-01-04 02:15:00,-0.7,60,1029,2,3.9,279,17,NA,0,NA,"Jan",2012,1,"Jan 2012"
2012-01-04 02:30:00,-0.4,57,1029,2.1,3.9,286,16,NA,0,NA,"Jan",2012,1,"Jan 2012"
2012-01-04 02:45:00,-0.4,56,1028,2,3.6,285,16,NA,0,NA,"Jan",2012,1,"Jan 2012"
2012-01-04 03:00:00,-0.5,56,1028,2,3.2,283,15,NA,0,NA,"Jan",2012,1,"Jan 2012"
2012-01-04 03:15:00,-0.6,57,1028,1.9,3.1,290,16,NA,0,NA,"Jan",2012,1,"Jan 2012"
2012-01-04 03:30:00,-0.6,57,1028,1.9,3.5,290,18,NA,0,NA,"Jan",2012,1,"Jan 2012"
2012-01-04 03:45:00,-0.6,57,1028,2,3.5,287,17,NA,0,NA,"Jan",2012,1,"Jan 2012"
2012-01-04 04:00:00,-0.6,57,1028,2,3.5,293,18,NA,0,NA,"Jan",2012,1,"Jan 2012"
2012-01-04 04:15:00,-0.6,58,1029,2.2,3.6,293,21,NA,0,NA,"Jan",2012,1,"Jan 2012"
2012-01-04 04:30:00,-0.6,57,1029,2.2,3.8,295,18,NA,0,NA,"Jan",2012,1,"Jan 2012"
2012-01-04 04:45:00,-0.6,57,1029,2.3,3.8,290,18,NA,0,NA,"Jan",2012,1,"Jan 2012"
2012-01-04 05:00:00,-0.7,57,1029,2,3.5,293,19,NA,0,NA,"Jan",2012,1,"Jan 2012"
2012-01-04 05:15:00,-0.7,57,1029,1.9,3.3,295,20,NA,0,NA,"Jan",2012,1,"Jan 2012"
2012-01-04 05:30:00,-0.7,57,1029,1.9,3.5,301,17,NA,0,NA,"Jan",2012,1,"Jan 2012"
2012-01-04 05:45:00,-0.6,55,1029,2,3.5,307,22,NA,0,NA,"Jan",2012,1,"Jan 2012"
2012-01-04 06:00:00,-0.6,55,1029,1.8,3.2,307,21,NA,0,NA,"Jan",2012,1,"Jan 2012"
2012-01-04 06:15:00,-0.6,53,1029,2,3.5,317,18,NA,0,NA,"Jan",2012,1,"Jan 2012"
2012-01-04 06:30:00,-0.5,52,1029,2.1,3.9,306,21,NA,0,NA,"Jan",2012,1,"Jan 2012"
2012-01-04 06:45:00,-0.6,53,1029,2.2,3.9,297,19,NA,0,NA,"Jan",2012,1,"Jan 2012"
2012-01-04 07:00:00,-0.5,51,1029,2.1,3.6,297,22,NA,0,NA,"Jan",2012,1,"Jan 2012"
2012-01-04 07:15:00,-0.6,48,1029,2.3,3.8,281,19,NA,0,NA,"Jan",2012,1,"Jan 2012"
2012-01-04 07:30:00,-0.7,49,1029,2.3,4.3,281,17,NA,0,NA,"Jan",2012,1,"Jan 2012"
2012-01-04 07:45:00,-0.4,48,1029,2.2,3.5,280,17,NA,0,NA,"Jan",2012,1,"Jan 2012"
2012-01-04 08:00:00,0,47,1030,2.2,3.9,283,18,NA,0,NA,"Jan",2012,1,"Jan 2012"
2012-02-12 04:00:00,-0.2,45,1024,2.2,3.5,326,17,NA,0,NA,"Feb",2012,2,"Feb 2012"
2012-02-12 04:15:00,-0.5,48,1024,2.2,4.1,319,19,NA,0,NA,"Feb",2012,2,"Feb 2012"
2012-02-12 04:30:00,-0.9,51,1024,2.7,6.9,318,19,NA,0,NA,"Feb",2012,2,"Feb 2012"
2012-02-12 04:45:00,-0.9,48,1025,3.7,6.1,330,16,NA,0,NA,"Feb",2012,2,"Feb 2012"
2012-02-12 05:00:00,-1,48,1025,3.1,6.7,320,19,NA,0,NA,"Feb",2012,2,"Feb 2012"
2012-02-12 05:15:00,-1.1,48,1025,3,5.3,326,22,NA,0,NA,"Feb",2012,2,"Feb 2012"
2012-02-12 05:30:00,-1.2,46,1025,3.1,5.4,323,20,NA,0,NA,"Feb",2012,2,"Feb 2012"
2012-02-12 05:45:00,-1.3,47,1025,2.7,5.3,325,20,NA,0,NA,"Feb",2012,2,"Feb 2012"
2012-02-12 06:00:00,-1.4,48,1025,2.7,5.3,315,21,NA,0,NA,"Feb",2012,2,"Feb 2012"
2012-02-12 06:15:00,-1.6,49,1025,2.6,4.6,310,21,NA,0,NA,"Feb",2012,2,"Feb 2012"
2012-02-12 06:30:00,-1.8,51,1025,2.9,5.3,318,18,NA,0,NA,"Feb",2012,2,"Feb 2012"
2012-02-12 06:45:00,-1.8,50,1026,2.8,5.3,317,20,NA,0,NA,"Feb",2012,2,"Feb 2012"
2012-02-12 07:00:00,-1.9,51,1026,2.8,4.7,316,21,NA,0,NA,"Feb",2012,2,"Feb 2012"
2012-02-12 07:15:00,-1.9,51,1026,2.8,5,312,19,NA,0,NA,"Feb",2012,2,"Feb 2012"
2012-02-12 07:30:00,-2,52,1026,2.9,5.3,315,22,NA,0,NA,"Feb",2012,2,"Feb 2012"
2012-02-12 07:45:00,-1.9,51,1026,3,6.5,315,20,NA,0,NA,"Feb",2012,2,"Feb 2012"
2012-02-12 08:00:00,-1.4,49,1027,3.3,6.8,316,20,NA,0,NA,"Feb",2012,2,"Feb 2012"
2012-02-12 08:15:00,-1,48,1027,3.2,7.1,316,22,NA,0,NA,"Feb",2012,2,"Feb 2012"
2012-02-12 08:30:00,-0.7,47,1027,3.5,6.6,313,21,NA,0,NA,"Feb",2012,2,"Feb 2012"
2012-02-12 08:45:00,-0.2,47,1027,3.4,7.1,319,21,NA,0,NA,"Feb",2012,2,"Feb 2012"
2012-02-12 20:45:00,0,84,1026,0.9,1.1,257,9,NA,0,NA,"Feb",2012,2,"Feb 2012"
2012-02-12 21:00:00,-0.2,84,1026,0.7,1.1,246,16,NA,0,NA,"Feb",2012,2,"Feb 2012"
2012-02-12 21:15:00,-0.4,85,1026,0.6,0.8,226,22,NA,0,NA,"Feb",2012,2,"Feb 2012"
2012-02-12 21:30:00,-0.5,86,1026,0.9,1.2,260,9,NA,0,NA,"Feb",2012,2,"Feb 2012"
2012-02-12 21:45:00,-0.5,87,1026,1,1.2,258,5,NA,0,NA,"Feb",2012,2,"Feb 2012"
2012-02-12 22:00:00,-0.5,87,1026,1.3,1.9,253,5,NA,0,NA,"Feb",2012,2,"Feb 2012"
2012-02-12 22:15:00,-0.5,86,1026,1,1.4,259,9,NA,0,NA,"Feb",2012,2,"Feb 2012"
2012-02-12 22:30:00,-0.8,88,1026,0.9,1.2,258,7,NA,0,NA,"Feb",2012,2,"Feb 2012"
2012-02-12 22:45:00,-1,89,1026,0.7,1,257,4,NA,0,NA,"Feb",2012,2,"Feb 2012"
2012-02-12 23:00:00,-1.2,90,1026,0.8,1.1,251,6,NA,0,NA,"Feb",2012,2,"Feb 2012"
2012-02-12 23:15:00,-1.3,90,1026,0.8,1.2,249,4,NA,0,NA,"Feb",2012,2,"Feb 2012"
2012-02-12 23:30:00,-1.4,90,1026,0.5,0.8,253,6,NA,0,NA,"Feb",2012,2,"Feb 2012"
2012-02-12 23:45:00,-1.5,91,1026,0.6,1.2,258,12,NA,0,NA,"Feb",2012,2,"Feb 2012"
2012-02-13,-1.4,90,1026,1,1.3,261,8,NA,0,NA,"Feb",2012,2,"Feb 2012"
2012-02-13 00:15:00,-1,88,1025,1.2,1.9,269,10,NA,0,NA,"Feb",2012,2,"Feb 2012"
2012-02-13 00:30:00,-0.4,82,1025,1.4,1.8,268,10,NA,0,NA,"Feb",2012,2,"Feb 2012"
2012-02-13 00:45:00,-0.5,80,1026,1.7,2.5,258,7,NA,0,NA,"Feb",2012,2,"Feb 2012"
2012-02-13 01:00:00,-0.1,75,1025,1.4,2,266,10,NA,0,NA,"Feb",2012,2,"Feb 2012"
2012-02-13 01:15:00,-0.1,73,1025,1.4,2.4,267,8,NA,0,NA,"Feb",2012,2,"Feb 2012"
2012-02-13 01:30:00,-0.2,73,1025,1.3,1.8,266,9,NA,0,NA,"Feb",2012,2,"Feb 2012"
2012-02-13 01:45:00,-0.2,73,1025,1.4,2.1,271,11,NA,0,NA,"Feb",2012,2,"Feb 2012"
2012-02-13 02:00:00,0,72,1025,1.5,2.5,269,13,NA,0,NA,"Feb",2012,2,"Feb 2012"
2012-02-13 02:30:00,0,70,1025,1.4,2.4,267,15,NA,0,NA,"Feb",2012,2,"Feb 2012"
2012-02-13 02:45:00,0,69,1025,1.4,2,268,14,NA,0,NA,"Feb",2012,2,"Feb 2012"
2012-02-13 03:00:00,0,69,1025,1.4,2.1,262,12,NA,0,NA,"Feb",2012,2,"Feb 2012"
2012-02-13 04:45:00,0,61,1024,2,3.3,268,15,NA,0,NA,"Feb",2012,2,"Feb 2012"
2012-02-13 05:00:00,0,62,1024,1.9,3,273,13,NA,0,NA,"Feb",2012,2,"Feb 2012"
2012-02-13 05:15:00,-0.1,62,1024,1.9,2.9,271,12,NA,0,NA,"Feb",2012,2,"Feb 2012"
2012-02-13 05:30:00,0,60,1024,1.8,3.1,274,12,NA,0,NA,"Feb",2012,2,"Feb 2012"
2012-02-13 05:45:00,-0.1,63,1024,1.8,2.9,269,14,NA,0,NA,"Feb",2012,2,"Feb 2012"
2012-02-13 06:00:00,-0.1,65,1025,1.8,3.4,272,14,NA,0,NA,"Feb",2012,2,"Feb 2012"
2012-12-23 03:15:00,0,90,1023,0.1,0.9,247,2,0,0,NA,"Dec",2012,12,"Dec 2012"
2013-02-17 22:00:00,0,NA,1028,0.6,0.9,237,5,0,0,NA,"Feb",2013,2,"Feb 2013"
2013-02-17 22:15:00,-0.2,NA,1028,0.6,0.8,243,10,0,0,NA,"Feb",2013,2,"Feb 2013"
2013-02-17 22:30:00,-0.4,NA,1028,0.6,0.7,241,7,0,0,NA,"Feb",2013,2,"Feb 2013"
2013-02-17 22:45:00,-0.4,NA,1028,0.5,0.7,249,1,0,0,NA,"Feb",2013,2,"Feb 2013"
2013-02-17 23:00:00,-0.7,NA,1028,0.1,0.4,249,0,0,0,NA,"Feb",2013,2,"Feb 2013"
2013-02-17 23:15:00,-0.9,NA,1028,0.4,0.8,245,5,0,0,NA,"Feb",2013,2,"Feb 2013"
2013-02-17 23:30:00,-0.8,NA,1028,0.6,0.8,243,9,0,0,NA,"Feb",2013,2,"Feb 2013"
2013-02-17 23:45:00,-0.5,NA,1028,0.7,1.1,252,5,0,0,NA,"Feb",2013,2,"Feb 2013"
2013-02-18,0,NA,1028,0.8,1.2,264,13,0,0,NA,"Feb",2013,2,"Feb 2013"
2013-02-18 03:45:00,-0.1,NA,1028,1.1,1.3,264,6,0,0,NA,"Feb",2013,2,"Feb 2013"
2013-02-18 04:00:00,-0.3,NA,1028,1.1,1.4,263,7,0,0,NA,"Feb",2013,2,"Feb 2013"
2013-02-18 04:15:00,-0.4,NA,1028,1,1.3,266,7,0,0,NA,"Feb",2013,2,"Feb 2013"
2013-02-18 04:30:00,-0.1,NA,1028,1.1,1.5,272,7,0,0,NA,"Feb",2013,2,"Feb 2013"
2013-02-18 05:00:00,0,NA,1028,1.1,1.4,267,7,0,0,NA,"Feb",2013,2,"Feb 2013"
2013-02-18 05:15:00,-0.7,NA,1028,0.9,1.3,249,9,0,0,NA,"Feb",2013,2,"Feb 2013"
2013-02-18 05:30:00,-1.1,NA,1028,0.8,1.1,251,3,0,0,NA,"Feb",2013,2,"Feb 2013"
2013-02-18 05:45:00,-1.1,NA,1028,0.9,1.1,255,5,0,0,NA,"Feb",2013,2,"Feb 2013"
2013-02-18 06:00:00,-1.1,NA,1028,0.9,1.1,256,8,0,0,NA,"Feb",2013,2,"Feb 2013"
2013-02-18 06:15:00,-1.1,NA,1028,0.8,1.2,257,6,0,0,NA,"Feb",2013,2,"Feb 2013"
2013-02-18 06:30:00,-1.2,NA,1028,0.8,1.2,250,5,0,0,NA,"Feb",2013,2,"Feb 2013"
2013-02-18 06:45:00,-1.1,NA,1029,0.8,1.1,250,7,0,0,NA,"Feb",2013,2,"Feb 2013"
2013-02-18 07:00:00,-1,NA,1029,0.7,1.1,251,8,0,0,NA,"Feb",2013,2,"Feb 2013"
2013-02-18 07:15:00,-0.8,NA,1029,0.7,1.2,250,9,1.7,0,NA,"Feb",2013,2,"Feb 2013"
2013-02-18 07:30:00,0,NA,1029,0.5,1,244,11,69.9,0,NA,"Feb",2013,2,"Feb 2013"
2013-03-04 02:00:00,0,NA,1021,1.1,1.7,245,8,0,0,NA,"Mar",2013,3,"Mar 2013"
2013-03-04 02:15:00,-0.1,NA,1021,1.1,1.5,241,9,0,0,NA,"Mar",2013,3,"Mar 2013"
2013-03-04 02:30:00,-0.1,NA,1021,1.1,2.1,240,13,0,0,NA,"Mar",2013,3,"Mar 2013"
2013-03-04 02:45:00,-0.1,NA,1021,1.4,2.4,225,14,0,0,NA,"Mar",2013,3,"Mar 2013"
2013-03-04 03:00:00,-0.2,NA,1021,1.3,2.1,238,14,0,0,NA,"Mar",2013,3,"Mar 2013"
2013-03-04 03:15:00,-0.2,NA,1021,1.3,2.6,240,15,0,0,NA,"Mar",2013,3,"Mar 2013"
2013-03-04 05:30:00,0,NA,1021,1.3,2.3,276,15,0,0,NA,"Mar",2013,3,"Mar 2013"
2013-03-04 05:45:00,-0.1,NA,1022,1.3,2.5,282,15,0,0,NA,"Mar",2013,3,"Mar 2013"
2013-03-04 06:00:00,0,NA,1022,1.5,2.3,284,12,0,0,NA,"Mar",2013,3,"Mar 2013"
2014-01-07 05:00:00,-0.1,43,1029,3.6,6.1,331,21,NA,0,NA,"Jan",2014,1,"Jan 2014"
2014-01-07 05:15:00,-0.3,44,1029,3.6,6,324,20,NA,0,NA,"Jan",2014,1,"Jan 2014"
2014-01-07 05:30:00,-0.6,44,1029,3.9,7.9,325,20,NA,0,NA,"Jan",2014,1,"Jan 2014"
2014-01-07 05:45:00,-0.8,46,1029,3.9,6.3,325,18,NA,0,NA,"Jan",2014,1,"Jan 2014"
2014-01-07 06:00:00,-1,47,1029,4.1,7.1,327,18,NA,0,NA,"Jan",2014,1,"Jan 2014"
2014-01-07 06:15:00,-1.2,49,1030,3,5.6,329,20,NA,0,NA,"Jan",2014,1,"Jan 2014"
2014-01-07 06:30:00,-1.5,50,1030,2.4,4.7,330,18,NA,0,NA,"Jan",2014,1,"Jan 2014"
2014-01-07 06:45:00,-1.8,49,1030,2.5,4.9,327,19,NA,0,NA,"Jan",2014,1,"Jan 2014"
2014-01-07 07:00:00,-2,44,1031,3.5,7.8,337,21,NA,0,NA,"Jan",2014,1,"Jan 2014"
2014-01-07 07:15:00,-2.2,41,1031,3.8,6.5,335,16,NA,0,NA,"Jan",2014,1,"Jan 2014"
2014-01-07 07:30:00,-2.3,42,1031,4.1,7.1,337,19,NA,0,NA,"Jan",2014,1,"Jan 2014"
2014-01-07 07:45:00,-2.3,42,1031,3.8,7,339,22,NA,0,NA,"Jan",2014,1,"Jan 2014"
2014-01-07 08:00:00,-2.1,42,1031,3.2,5.8,332,19,NA,0,NA,"Jan",2014,1,"Jan 2014"
2014-01-07 08:15:00,-2.4,43,1031,3.2,5.8,329,21,NA,0,NA,"Jan",2014,1,"Jan 2014"
2014-01-07 08:30:00,-1.8,40,1031,3.9,6.1,337,19,NA,0,NA,"Jan",2014,1,"Jan 2014"
2014-01-07 08:45:00,-1.4,38,1031,4,7.2,337,19,NA,0,NA,"Jan",2014,1,"Jan 2014"
2014-01-07 09:00:00,-1,37,1032,3.7,5.7,338,18,NA,0,NA,"Jan",2014,1,"Jan 2014"
2014-01-07 09:15:00,-0.6,35,1032,3.3,6.3,317,19,NA,0,NA,"Jan",2014,1,"Jan 2014"
2014-01-07 09:30:00,-0.2,34,1032,3.5,5.8,330,21,NA,0,NA,"Jan",2014,1,"Jan 2014"
2015-02-20 01:15:00,0,49,1027,1.3,2.8,318,21,NA,0,NA,"Feb",2015,2,"Feb 2015"
2015-02-20 01:30:00,-0.1,50,1027,1.2,2.5,300,22,NA,0,NA,"Feb",2015,2,"Feb 2015"
2015-02-20 02:15:00,-0.1,48,1027,1.3,2.5,292,20,NA,0,NA,"Feb",2015,2,"Feb 2015"
2015-02-20 02:30:00,-0.2,47,1027,1.3,3.5,305,19,NA,0,NA,"Feb",2015,2,"Feb 2015"
2015-02-20 02:45:00,0,43,1027,1.9,4.1,319,19,NA,0,NA,"Feb",2015,2,"Feb 2015"
2015-02-20 03:00:00,0,42,1027,1.9,3.4,316,17,NA,0,NA,"Feb",2015,2,"Feb 2015"
2015-02-20 03:15:00,-0.1,42,1028,2,3.5,311,20,NA,0,NA,"Feb",2015,2,"Feb 2015"
2015-02-20 03:30:00,-0.3,42,1028,1.9,3.3,309,18,NA,0,NA,"Feb",2015,2,"Feb 2015"
2015-02-20 03:45:00,-0.4,39,1028,1.9,3.5,310,19,NA,0,NA,"Feb",2015,2,"Feb 2015"
2015-02-20 04:00:00,-0.4,39,1028,2.1,3.4,309,17,NA,0,NA,"Feb",2015,2,"Feb 2015"
2015-02-20 04:15:00,-0.5,39,1028,2,3.2,309,19,NA,0,NA,"Feb",2015,2,"Feb 2015"
2015-02-20 04:30:00,-0.6,38,1028,1.8,3.5,311,19,NA,0,NA,"Feb",2015,2,"Feb 2015"
2015-02-20 04:45:00,-0.7,38,1028,2,3.7,314,18,NA,0,NA,"Feb",2015,2,"Feb 2015"
2015-02-20 05:00:00,-0.8,39,1029,1.8,3.1,301,19,NA,0,NA,"Feb",2015,2,"Feb 2015"
2015-02-20 05:15:00,-0.9,39,1029,2,3.6,301,19,NA,0,NA,"Feb",2015,2,"Feb 2015"
2015-02-20 05:30:00,-1.1,40,1029,1.7,2.9,295,19,NA,0,NA,"Feb",2015,2,"Feb 2015"
2015-02-20 05:45:00,-1.3,43,1029,2,3.6,303,17,NA,0,NA,"Feb",2015,2,"Feb 2015"
2015-02-20 06:00:00,-1.3,44,1029,1.7,2.9,308,19,NA,0,NA,"Feb",2015,2,"Feb 2015"
2015-02-20 06:15:00,-1.5,44,1029,1.6,3,300,21,NA,0,NA,"Feb",2015,2,"Feb 2015"
2015-02-20 06:30:00,-1.4,44,1029,1.8,3.8,310,21,NA,0,NA,"Feb",2015,2,"Feb 2015"
2015-02-20 06:45:00,-1.4,43,1029,1.6,3.7,317,20,NA,0,NA,"Feb",2015,2,"Feb 2015"
2015-02-20 07:00:00,-1.4,44,1029,1.6,3,310,20,NA,0,NA,"Feb",2015,2,"Feb 2015"
2015-02-20 07:15:00,-1.4,44,1029,1.6,3.1,306,20,NA,0,NA,"Feb",2015,2,"Feb 2015"
2015-02-20 07:30:00,-1.1,43,1030,1.7,2.9,303,20,NA,0,NA,"Feb",2015,2,"Feb 2015"
2015-02-20 07:45:00,-0.8,43,1030,2.1,3.8,306,18,NA,0,NA,"Feb",2015,2,"Feb 2015"
2015-02-20 08:00:00,-0.2,42,1030,2.1,3.6,310,21,NA,0,NA,"Feb",2015,2,"Feb 2015"
2016-01-23 23:15:00,-0.1,83,1019,0.5,0.9,237,8,0,0,NA,"Jan",2016,1,"Jan 2016"
2016-01-23 23:30:00,-0.2,85,1019,0.7,1.2,239,9,0,0,NA,"Jan",2016,1,"Jan 2016"
2016-01-23 23:45:00,-0.1,84,1019,0.9,1.6,239,13,0,0,NA,"Jan",2016,1,"Jan 2016"
2016-01-24 05:15:00,-0.1,79,1021,1.4,2.4,293,17,0,0,NA,"Jan",2016,1,"Jan 2016"
2016-01-24 05:30:00,-0.3,81,1021,0.8,2.2,290,18,0,0,NA,"Jan",2016,1,"Jan 2016"
2016-01-24 05:45:00,-0.5,82,1021,1.2,2.2,291,17,0,0,NA,"Jan",2016,1,"Jan 2016"
2016-01-24 06:00:00,-0.6,83,1021,1.1,2.1,290,16,0,0,NA,"Jan",2016,1,"Jan 2016"
2016-01-24 06:15:00,-0.9,83,1021,1.1,1.7,284,14,0,0,NA,"Jan",2016,1,"Jan 2016"
2016-01-24 06:30:00,-1,84,1021,1.1,2,276,16,0,0,NA,"Jan",2016,1,"Jan 2016"
2016-01-24 06:45:00,-1.2,85,1022,0.8,1.8,280,13,0,0,NA,"Jan",2016,1,"Jan 2016"
2016-01-24 07:00:00,-1.4,86,1022,1,1.6,273,13,0,0,NA,"Jan",2016,1,"Jan 2016"
2016-01-24 07:15:00,-1.6,87,1022,1,1.6,263,14,2.9,0,NA,"Jan",2016,1,"Jan 2016"
2016-01-24 07:30:00,-1.7,88,1023,0.8,1.5,253,17,17,0,NA,"Jan",2016,1,"Jan 2016"
2016-01-24 07:45:00,-1.4,88,1023,1,2.1,261,14,62.1,0,NA,"Jan",2016,1,"Jan 2016"
2016-01-24 08:00:00,-0.8,87,1023,1.4,2.7,273,19,134.8,0,NA,"Jan",2016,1,"Jan 2016"
2016-01-24 08:15:00,-0.1,85,1024,1.8,3.2,289,20,217.4,0,NA,"Jan",2016,1,"Jan 2016"
2017-01-08 07:45:00,-0.1,82,1035,2.7,5.5,313,20,37.8,0,NA,"Jan",2017,1,"Jan 2017"
2017-01-08 08:00:00,-0.1,81,1035,3,5,310,19,106.3,0,NA,"Jan",2017,1,"Jan 2017"
2018-01-04,-0.1,91,1018,1.8,3.2,273,17,0,0,NA,"Jan",2018,1,"Jan 2018"
2018-01-04 00:15:00,-0.2,91,1018,1.9,3,271,16,0,0,NA,"Jan",2018,1,"Jan 2018"
2018-01-04 00:30:00,-0.2,91,1018,1.9,3.2,273,17,0,0,NA,"Jan",2018,1,"Jan 2018"
2018-01-04 00:45:00,-0.3,90,1018,2,3.6,275,18,0,0,NA,"Jan",2018,1,"Jan 2018"
2018-01-04 01:00:00,-0.3,90,1018,1.9,3.5,274,17,0,0,NA,"Jan",2018,1,"Jan 2018"
2018-01-04 01:15:00,-0.4,89,1018,1.8,3.4,272,16,0,0,NA,"Jan",2018,1,"Jan 2018"
2018-01-04 01:30:00,-0.4,87,1018,1.9,3.6,272,16,0,0,NA,"Jan",2018,1,"Jan 2018"
2018-01-04 01:45:00,-0.4,86,1018,2,3.7,276,18,0,0,NA,"Jan",2018,1,"Jan 2018"
2018-01-04 02:00:00,-0.3,84,1018,2.2,3.9,276,18,0,0,NA,"Jan",2018,1,"Jan 2018"
2018-01-04 02:15:00,-0.3,82,1018,2.1,3.6,275,18,0,0,NA,"Jan",2018,1,"Jan 2018"
2018-01-04 02:30:00,-0.2,79,1018,1.8,3.6,280,17,0,0,NA,"Jan",2018,1,"Jan 2018"
2018-01-04 02:45:00,-0.3,78,1018,1.7,3.6,278,18,0,0,NA,"Jan",2018,1,"Jan 2018"
2018-01-04 03:00:00,-0.3,77,1018,1.8,3.3,278,20,0,0,NA,"Jan",2018,1,"Jan 2018"
2018-01-04 03:15:00,-0.3,76,1018,1.6,2.9,275,18,0,0,NA,"Jan",2018,1,"Jan 2018"
2018-01-04 03:30:00,-0.4,74,1018,1.8,3.1,271,17,0,0,NA,"Jan",2018,1,"Jan 2018"
2018-01-04 03:45:00,-0.5,74,1018,1.7,3.3,268,17,0,0,NA,"Jan",2018,1,"Jan 2018"
2018-01-04 04:00:00,-0.5,73,1018,1.8,3.3,271,17,0,0,NA,"Jan",2018,1,"Jan 2018"
2018-01-04 04:15:00,-0.5,71,1018,2.1,4,272,18,0,0,NA,"Jan",2018,1,"Jan 2018"
2018-01-04 04:30:00,-0.4,70,1018,2.1,3.4,273,15,0,0,NA,"Jan",2018,1,"Jan 2018"
2018-01-04 04:45:00,-0.4,69,1019,1.9,3.9,276,18,0,0,NA,"Jan",2018,1,"Jan 2018"
2018-01-04 05:00:00,-0.4,68,1019,1.8,3.1,275,19,0,0,NA,"Jan",2018,1,"Jan 2018"
2018-01-04 05:15:00,-0.4,67,1019,1.9,3.4,273,17,0,0,NA,"Jan",2018,1,"Jan 2018"
2018-01-04 05:30:00,-0.6,68,1019,1.8,3.2,270,18,0,0,NA,"Jan",2018,1,"Jan 2018"
2018-01-04 05:45:00,-0.7,68,1019,1.9,3.7,269,18,0,0,NA,"Jan",2018,1,"Jan 2018"
2018-01-04 06:00:00,-0.7,67,1019,2.1,3.5,271,16,0,0,NA,"Jan",2018,1,"Jan 2018"
2018-01-04 06:15:00,-0.6,66,1020,2.1,3.7,274,16,0,0,NA,"Jan",2018,1,"Jan 2018"
2018-01-04 06:30:00,-0.7,66,1020,1.7,3.4,270,18,0,0,NA,"Jan",2018,1,"Jan 2018"
2018-01-04 06:45:00,-0.9,67,1020,1.6,2.9,266,15,0,0,NA,"Jan",2018,1,"Jan 2018"
2018-01-04 07:00:00,-0.9,66,1020,1.7,3.2,268,18,0,0,NA,"Jan",2018,1,"Jan 2018"
2018-01-04 07:15:00,-0.9,65,1020,1.7,2.7,267,17,2.1,0,NA,"Jan",2018,1,"Jan 2018"
2018-01-04 07:30:00,-1,65,1020,1.7,3.3,268,18,14.7,0,NA,"Jan",2018,1,"Jan 2018"
2018-01-04 07:45:00,-0.7,63,1020,1.6,3,270,19,55.6,0,NA,"Jan",2018,1,"Jan 2018"
2018-01-04 08:00:00,-0.4,62,1020,1.5,2.5,274,20,123.3,0,NA,"Jan",2018,1,"Jan 2018"
2018-01-05 01:15:00,0,71,1025,0.9,1.5,239,8,0,0,NA,"Jan",2018,1,"Jan 2018"
2018-01-05 01:30:00,-0.4,73,1025,0.9,1.6,247,10,0,0,NA,"Jan",2018,1,"Jan 2018"
2018-01-05 01:45:00,-0.4,72,1025,0.8,1.3,244,13,0,0,NA,"Jan",2018,1,"Jan 2018"
2018-01-05 02:00:00,-1,77,1025,0.8,1.2,238,9,0,0,NA,"Jan",2018,1,"Jan 2018"
2018-01-05 02:15:00,-0.9,74,1025,0.8,1.4,266,15,0,0,NA,"Jan",2018,1,"Jan 2018"
2018-01-05 02:30:00,-0.8,73,1025,0.6,0.9,291,12,0,0,NA,"Jan",2018,1,"Jan 2018"
2018-01-05 02:45:00,-1.3,78,1025,0.7,0.9,265,8,0,0,NA,"Jan",2018,1,"Jan 2018"
2018-01-05 03:00:00,-1.4,78,1025,0.9,1.7,286,14,0,0,NA,"Jan",2018,1,"Jan 2018"
2018-01-05 03:15:00,-0.5,69,1025,1.2,2.1,290,14,0,0,NA,"Jan",2018,1,"Jan 2018"
2018-01-05 03:30:00,-0.2,65,1025,1.4,2.9,300,16,0,0,NA,"Jan",2018,1,"Jan 2018"
2018-01-05 03:45:00,-0.1,61,1025,1.3,2.3,285,16,0,0,NA,"Jan",2018,1,"Jan 2018"
2018-01-05 04:00:00,-0.4,64,1025,1.3,2.3,293,15,0,0,NA,"Jan",2018,1,"Jan 2018"
2018-01-05 04:15:00,-0.3,63,1025,1.5,3.1,297,17,0,0,NA,"Jan",2018,1,"Jan 2018"
2018-01-05 04:30:00,-0.2,60,1026,1.6,3.7,305,18,0,0,NA,"Jan",2018,1,"Jan 2018"
2018-01-05 04:45:00,-0.2,59,1026,2,3.3,315,18,0,0,NA,"Jan",2018,1,"Jan 2018"
2018-01-05 05:00:00,-0.2,58,1026,2,4.1,318,18,0,0,NA,"Jan",2018,1,"Jan 2018"
2018-01-05 05:15:00,-0.3,56,1026,1.5,2.8,321,20,0,0,NA,"Jan",2018,1,"Jan 2018"
2018-01-05 05:30:00,-0.3,54,1026,1.6,3.3,320,18,0,0,NA,"Jan",2018,1,"Jan 2018"
2018-01-05 05:45:00,-0.4,54,1026,1.6,2.8,330,15,0,0,NA,"Jan",2018,1,"Jan 2018"
2018-01-05 06:00:00,-0.6,55,1026,1.9,4,325,16,0,0,NA,"Jan",2018,1,"Jan 2018"
2018-01-05 06:15:00,-0.7,55,1027,1.8,4,324,17,0,0,NA,"Jan",2018,1,"Jan 2018"
2018-01-05 06:30:00,-0.8,54,1027,2.2,4,327,17,0,0,NA,"Jan",2018,1,"Jan 2018"
2018-01-05 06:45:00,-0.8,52,1027,2.4,4.9,327,18,0,0,NA,"Jan",2018,1,"Jan 2018"
2018-01-05 07:00:00,-0.9,51,1027,2,3.6,327,17,0,0,NA,"Jan",2018,1,"Jan 2018"
2018-01-05 07:15:00,-1,50,1028,2.2,4.2,326,16,2.3,0,NA,"Jan",2018,1,"Jan 2018"
2018-01-05 07:30:00,-1,49,1028,2.1,3.9,323,18,15.5,0,NA,"Jan",2018,1,"Jan 2018"
2018-01-05 07:45:00,-0.9,48,1028,2.1,3.6,321,19,57.7,0,NA,"Jan",2018,1,"Jan 2018"
2018-01-05 08:00:00,-0.6,47,1029,2.4,3.6,315,19,126.5,0,NA,"Jan",2018,1,"Jan 2018"
2018-01-05 08:15:00,-0.3,46,1029,2.4,4.2,324,18,206.9,0,NA,"Jan",2018,1,"Jan 2018"
2018-01-05 08:30:00,0,44,1029,2.1,3.6,329,18,292.2,0,NA,"Jan",2018,1,"Jan 2018"
2018-01-18 00:45:00,-0.1,52,1029,3,5.2,335,23,0,0,NA,"Jan",2018,1,"Jan 2018"
2018-01-18 01:00:00,-0.4,51,1029,2.9,5.2,328,21,0,0,NA,"Jan",2018,1,"Jan 2018"
2018-01-18 01:15:00,-0.7,52,1029,2.7,6.3,333,20,0,0,NA,"Jan",2018,1,"Jan 2018"
2018-01-18 01:30:00,-1,52,1029,3.2,6,329,23,0,0,NA,"Jan",2018,1,"Jan 2018"
2018-01-18 01:45:00,-1.2,51,1029,3.6,6.2,331,21,0,0,NA,"Jan",2018,1,"Jan 2018"
2018-01-18 02:00:00,-1.3,51,1029,3.6,6.5,329,16,0,0,NA,"Jan",2018,1,"Jan 2018"
2018-01-18 02:15:00,-1.5,52,1029,3.5,6.7,331,19,0,0,NA,"Jan",2018,1,"Jan 2018"
2018-01-18 02:30:00,-1.6,53,1029,3.7,7.6,324,17,0,0,NA,"Jan",2018,1,"Jan 2018"
2018-01-18 02:45:00,-1.7,53,1029,3.6,6.8,332,19,0,0,NA,"Jan",2018,1,"Jan 2018"
2018-01-18 03:00:00,-1.8,53,1028,2.9,5.3,331,23,0,0,NA,"Jan",2018,1,"Jan 2018"
2018-01-18 03:15:00,-1.9,53,1028,3,5.1,325,19,0,0,NA,"Jan",2018,1,"Jan 2018"
2018-01-18 03:30:00,-2,53,1029,2.7,4.8,324,21,0,0,NA,"Jan",2018,1,"Jan 2018"
2018-01-18 03:45:00,-2,54,1029,2.7,4.4,319,23,0,0,NA,"Jan",2018,1,"Jan 2018"
2018-01-18 04:00:00,-2,55,1029,2.5,4.5,317,20,0,0,NA,"Jan",2018,1,"Jan 2018"
2018-01-18 04:15:00,-2,56,1029,2.3,4.4,317,21,0,0,NA,"Jan",2018,1,"Jan 2018"
2018-01-18 04:30:00,-2,57,1029,2.2,4.1,326,23,0,0,NA,"Jan",2018,1,"Jan 2018"
2018-01-18 04:45:00,-2.1,57,1028,2.5,5.4,328,16,0,0,NA,"Jan",2018,1,"Jan 2018"
2018-01-18 05:00:00,-2.2,58,1028,2,3.8,314,21,0,0,NA,"Jan",2018,1,"Jan 2018"
2018-01-18 05:15:00,-2.3,58,1029,1.6,3,304,25,0,0,NA,"Jan",2018,1,"Jan 2018"
2018-01-18 05:30:00,-2.4,59,1029,1.4,2.9,289,23,0,0,NA,"Jan",2018,1,"Jan 2018"
2018-01-18 05:45:00,-2.6,60,1029,1.3,2.2,293,20,0,0,NA,"Jan",2018,1,"Jan 2018"
2018-01-18 06:00:00,-2.6,62,1029,1.2,2.8,285,20,0,0,NA,"Jan",2018,1,"Jan 2018"
2018-01-18 06:15:00,-2.7,63,1029,1.4,2.9,288,17,0,0,NA,"Jan",2018,1,"Jan 2018"
2018-01-18 06:30:00,-2.8,65,1029,1.5,2.9,307,17,0,0,NA,"Jan",2018,1,"Jan 2018"
2018-01-18 06:45:00,-2.9,65,1030,1.5,2.7,299,20,0,0,NA,"Jan",2018,1,"Jan 2018"
2018-01-18 07:00:00,-3,65,1030,1.4,3,312,19,0,0,NA,"Jan",2018,1,"Jan 2018"
2018-01-18 07:15:00,-3.1,64,1030,1.6,3.4,298,20,2.2,0,NA,"Jan",2018,1,"Jan 2018"
2018-01-18 07:30:00,-3.1,64,1030,1.7,3.3,307,18,15.1,0,NA,"Jan",2018,1,"Jan 2018"
2018-01-18 07:45:00,-2.9,64,1030,1.6,3,305,20,52.5,0,NA,"Jan",2018,1,"Jan 2018"
2018-01-18 08:00:00,-2.6,62,1030,1.7,2.9,304,18,121.1,0,NA,"Jan",2018,1,"Jan 2018"
2018-01-18 08:15:00,-2.3,60,1030,2.3,4.2,311,20,203.5,0,NA,"Jan",2018,1,"Jan 2018"
2018-01-18 08:30:00,-1.8,58,1030,2.4,4.2,317,20,293.6,0,NA,"Jan",2018,1,"Jan 2018"
2018-01-18 08:45:00,-1.2,56,1031,2.5,4.6,325,19,383.2,0,NA,"Jan",2018,1,"Jan 2018"
2018-01-18 09:00:00,-0.7,55,1031,2.5,4.4,331,22,472.4,0,NA,"Jan",2018,1,"Jan 2018"
2018-01-18 09:15:00,-0.1,55,1031,2.2,3.7,328,22,560.5,0,NA,"Jan",2018,1,"Jan 2018"
2018-01-18 21:15:00,-0.2,88,1029,0.2,0.8,229,9,0,0,NA,"Jan",2018,1,"Jan 2018"
2018-01-18 21:30:00,-0.3,88,1029,0.5,0.7,235,18,0,0,NA,"Jan",2018,1,"Jan 2018"
2018-01-18 21:45:00,-0.4,89,1029,0.5,0.8,238,19,0,0,NA,"Jan",2018,1,"Jan 2018"
2018-01-18 22:00:00,-0.7,90,1030,0.5,0.8,241,17,0,0,NA,"Jan",2018,1,"Jan 2018"
2018-01-18 22:15:00,-0.7,91,1030,0.6,0.8,260,7,0,0,NA,"Jan",2018,1,"Jan 2018"
2018-01-18 22:30:00,-0.8,92,1030,0.5,0.8,248,10,0,0,NA,"Jan",2018,1,"Jan 2018"
2018-01-18 22:45:00,-1.1,93,1030,0.4,0.8,218,10,0,0,NA,"Jan",2018,1,"Jan 2018"
2018-01-18 23:00:00,-1.2,93,1029,0.3,0.6,259,11,0,0,NA,"Jan",2018,1,"Jan 2018"
2018-01-18 23:15:00,-1.4,93,1029,0.4,0.6,228,6,0,0,NA,"Jan",2018,1,"Jan 2018"
2018-01-18 23:30:00,-1.4,94,1029,0.5,0.7,259,6,0,0,NA,"Jan",2018,1,"Jan 2018"
2018-01-18 23:45:00,-1.5,94,1029,0.3,0.7,244,8,0,0,NA,"Jan",2018,1,"Jan 2018"
2018-01-19,-1.6,94,1029,0.2,0.4,235,16,0,0,NA,"Jan",2018,1,"Jan 2018"
2018-01-19 00:15:00,-1.7,95,1029,0.2,0.6,220,7,0,0,NA,"Jan",2018,1,"Jan 2018"
2018-01-19 00:30:00,-1.7,95,1029,0.1,0.5,248,11,0,0,NA,"Jan",2018,1,"Jan 2018"
2018-01-19 00:45:00,-1.7,95,1029,0.2,0.6,226,16,0,0,NA,"Jan",2018,1,"Jan 2018"
2018-01-19 01:00:00,-1.8,96,1029,0.1,0.4,184,4,0,0,NA,"Jan",2018,1,"Jan 2018"
2018-01-19 01:15:00,-1.8,96,1029,0.2,0.5,245,19,0,0,NA,"Jan",2018,1,"Jan 2018"
2018-01-19 01:30:00,-2.1,96,1029,0.1,0.4,217,3,0,0,NA,"Jan",2018,1,"Jan 2018"
2018-01-19 01:45:00,-2.2,96,1029,0.1,0.4,225,0,0,0,NA,"Jan",2018,1,"Jan 2018"
2018-01-19 02:00:00,-2.3,96,1029,0,0,0,0,0,0,NA,"Jan",2018,1,"Jan 2018"
2018-01-19 02:15:00,-2.4,96,1029,0,0,0,0,0,0,NA,"Jan",2018,1,"Jan 2018"
2018-01-19 02:30:00,-2.4,96,1029,0.2,0.5,213,18,0,0,NA,"Jan",2018,1,"Jan 2018"
2018-01-19 02:45:00,-2.5,96,1028,0.3,0.7,247,7,0,0,NA,"Jan",2018,1,"Jan 2018"
2018-01-19 03:00:00,-2.3,96,1028,0.6,1,258,9,0,0,NA,"Jan",2018,1,"Jan 2018"
2018-01-19 03:15:00,-2.2,97,1029,0.2,0.8,210,28,0,0,NA,"Jan",2018,1,"Jan 2018"
2018-01-19 03:30:00,-2.5,96,1029,0,0.7,229,7,0,0,NA,"Jan",2018,1,"Jan 2018"
2018-01-19 03:45:00,-2.5,97,1029,0.3,0.9,237,15,0,0,NA,"Jan",2018,1,"Jan 2018"
2018-01-19 04:00:00,-2.1,97,1029,0.6,1.5,246,10,0,0,NA,"Jan",2018,1,"Jan 2018"
2018-01-19 04:15:00,-1.4,96,1029,0.9,1.7,265,12,0,0,NA,"Jan",2018,1,"Jan 2018"
2018-01-19 04:30:00,-0.8,94,1029,1.4,2.6,273,12,0,0,NA,"Jan",2018,1,"Jan 2018"
2018-01-19 04:45:00,-0.2,86,1029,1.4,2.9,276,14,0,0,NA,"Jan",2018,1,"Jan 2018"
2018-01-19 05:00:00,-0.3,85,1029,1.3,2.4,283,12,0,0,NA,"Jan",2018,1,"Jan 2018"
2018-01-19 06:45:00,-0.2,86,1029,1.1,1.7,264,10,0,0,NA,"Jan",2018,1,"Jan 2018"
2018-01-19 07:00:00,-0.3,89,1029,1.3,2,274,9,0,0,NA,"Jan",2018,1,"Jan 2018"
2018-01-19 07:15:00,-0.1,88,1029,1.3,2.3,273,8,2.1,0,NA,"Jan",2018,1,"Jan 2018"
2018-01-19 07:30:00,-0.3,89,1029,0.9,1.8,272,11,14.3,0,NA,"Jan",2018,1,"Jan 2018"
2018-01-19 07:45:00,-0.1,88,1029,1.1,1.9,275,12,40.6,0,NA,"Jan",2018,1,"Jan 2018"
2020-12-26 04:00:00,-0.3,73,1023,1.4,2.6,265,16,0,0,NA,"Dec",2020,12,"Dec 2020"
2020-12-26 04:15:00,-0.6,76,1023,1.2,2.2,261,13,0,0,NA,"Dec",2020,12,"Dec 2020"
2020-12-26 04:30:00,-0.7,75,1023,1.3,2.3,272,14,0,0,NA,"Dec",2020,12,"Dec 2020"
2020-12-26 04:45:00,-0.5,73,1023,1.4,2.7,285,13,0,0,NA,"Dec",2020,12,"Dec 2020"
2020-12-26 05:00:00,-0.6,74,1023,1.7,2.8,275,13,0,0,NA,"Dec",2020,12,"Dec 2020"
2020-12-26 05:15:00,-0.7,76,1023,1.6,2.4,268,14,0,0,NA,"Dec",2020,12,"Dec 2020"
2020-12-26 05:30:00,-0.8,73,1023,1.6,2.5,276,15,0,0,NA,"Dec",2020,12,"Dec 2020"
2020-12-26 05:45:00,-0.6,72,1023,1.6,2.7,285,16,0,0,NA,"Dec",2020,12,"Dec 2020"
2020-12-26 06:00:00,-0.5,70,1023,2,3.7,284,15,0,0,NA,"Dec",2020,12,"Dec 2020"
2020-12-26 06:15:00,-0.4,68,1023,1.9,3.4,285,16,0,0,NA,"Dec",2020,12,"Dec 2020"
2020-12-26 06:30:00,-0.5,68,1023,2.2,3.6,284,14,0,0,NA,"Dec",2020,12,"Dec 2020"
2020-12-26 06:45:00,-0.7,69,1024,1.9,3.5,277,14,0,0,NA,"Dec",2020,12,"Dec 2020"
2020-12-26 07:00:00,-0.8,70,1024,2.1,3.7,280,15,0,0,NA,"Dec",2020,12,"Dec 2020"
2020-12-26 07:15:00,-0.3,65,1024,2,3.8,295,17,3.1,0,NA,"Dec",2020,12,"Dec 2020"
2020-12-26 07:30:00,0,62,1024,2,3.6,300,17,19.7,0,NA,"Dec",2020,12,"Dec 2020"
2020-12-26 21:30:00,0,91,1023,0.1,0.5,222,10,0,0,NA,"Dec",2020,12,"Dec 2020"
2020-12-26 21:45:00,-0.2,92,1023,0.3,0.8,246,24,0,0,NA,"Dec",2020,12,"Dec 2020"
2020-12-26 22:00:00,-0.2,92,1023,0.4,0.9,233,6,0,0,NA,"Dec",2020,12,"Dec 2020"
2020-12-26 22:15:00,-0.3,93,1023,0.3,0.6,249,25,0,0,NA,"Dec",2020,12,"Dec 2020"
2020-12-26 22:30:00,-0.4,93,1023,0.5,0.7,245,6,0,0,NA,"Dec",2020,12,"Dec 2020"
2020-12-26 22:45:00,-0.4,92,1023,0.6,0.8,252,10,0,0,NA,"Dec",2020,12,"Dec 2020"
2020-12-26 23:00:00,-0.4,92,1023,0.4,0.7,244,13,0,0,NA,"Dec",2020,12,"Dec 2020"
2020-12-26 23:15:00,-0.4,93,1023,0.4,1.1,238,8,0,0,NA,"Dec",2020,12,"Dec 2020"
2020-12-26 23:30:00,-0.5,93,1023,0,0,0,0,0,0,NA,"Dec",2020,12,"Dec 2020"
2020-12-26 23:45:00,-0.8,93,1023,0.2,0.7,201,12,0,0,NA,"Dec",2020,12,"Dec 2020"
2020-12-27,-0.9,93,1023,0.1,0.4,221,10,0,0,NA,"Dec",2020,12,"Dec 2020"
2020-12-27 00:15:00,-1,94,1023,0.3,0.6,271,28,0,0,NA,"Dec",2020,12,"Dec 2020"
2020-12-27 00:30:00,-1,95,1022,0.3,0.7,262,7,0,0,NA,"Dec",2020,12,"Dec 2020"
2020-12-27 00:45:00,-0.9,95,1023,0.1,0.7,254,3,0,0,NA,"Dec",2020,12,"Dec 2020"
2020-12-27 01:00:00,-0.8,94,1023,0.9,1.6,265,6,0,0,NA,"Dec",2020,12,"Dec 2020"
2020-12-27 02:00:00,-0.2,87,1022,0.8,1.4,260,10,0,0,NA,"Dec",2020,12,"Dec 2020"
2021-02-04 02:45:00,0,91,1018,0.4,0.7,227,16,0,0,NA,"Feb",2021,2,"Feb 2021"
2021-02-04 03:00:00,-0.3,93,1018,0,0.4,179,2,0,0,NA,"Feb",2021,2,"Feb 2021"
2021-02-04 03:15:00,-0.4,93,1018,0.1,0.5,178,11,0,0,NA,"Feb",2021,2,"Feb 2021"
2021-02-04 03:30:00,-0.6,94,1019,0,0.5,173,2,0,0,NA,"Feb",2021,2,"Feb 2021"
2021-02-04 03:45:00,-0.7,94,1019,0.6,1,229,40,0,0,NA,"Feb",2021,2,"Feb 2021"
2021-02-04 04:00:00,-0.7,95,1019,0.5,1.4,219,42,0,0,NA,"Feb",2021,2,"Feb 2021"
2021-02-04 04:15:00,-0.9,95,1019,0.1,0.7,229,6,0,0,NA,"Feb",2021,2,"Feb 2021"
2021-02-04 04:30:00,-0.7,96,1019,0.8,1.7,247,25,0,0,NA,"Feb",2021,2,"Feb 2021"
2021-02-04 05:15:00,-0.1,91,1019,0.3,0.9,206,11,0,0,NA,"Feb",2021,2,"Feb 2021"
2021-02-04 05:30:00,-0.4,93,1019,0.2,0.7,239,25,0,0,NA,"Feb",2021,2,"Feb 2021"
2021-02-04 05:45:00,-0.7,94,1019,0.4,0.9,195,31,0,0,NA,"Feb",2021,2,"Feb 2021"
2021-02-04 06:00:00,-1,95,1019,0.1,0.5,243,6,0,0,NA,"Feb",2021,2,"Feb 2021"
2021-02-04 06:15:00,-0.7,95,1020,1,2,261,10,0,0,NA,"Feb",2021,2,"Feb 2021"
2021-02-04 06:45:00,-0.2,92,1020,0.1,0.5,197,23,0,0,NA,"Feb",2021,2,"Feb 2021"
2021-02-04 07:00:00,-0.8,93,1020,0.4,0.9,246,6,0.1,0,NA,"Feb",2021,2,"Feb 2021"
2021-02-04 07:15:00,-1.2,95,1020,0.5,0.7,225,9,6,0,NA,"Feb",2021,2,"Feb 2021"
2021-02-04 07:30:00,-1.2,95,1020,0.2,0.6,207,5,26.6,0,NA,"Feb",2021,2,"Feb 2021"
2021-02-04 07:45:00,-0.9,96,1020,0.2,0.5,211,16,96.2,0,NA,"Feb",2021,2,"Feb 2021"
2022-01-29 22:00:00,0,70,1023,0.9,1.2,250,5,0,0,NA,"Jan",2022,1,"Jan 2022"
2022-01-29 22:15:00,-0.4,72,1023,1,1.9,256,10,0,0,NA,"Jan",2022,1,"Jan 2022"
2022-01-29 22:30:00,-0.1,69,1023,0.9,1.8,252,11,0,0,NA,"Jan",2022,1,"Jan 2022"
2022-01-29 22:45:00,-0.2,70,1024,0.9,1.3,257,12,0,0,NA,"Jan",2022,1,"Jan 2022"
2022-01-29 23:00:00,-0.3,71,1024,0.9,1.4,252,8,0,0,NA,"Jan",2022,1,"Jan 2022"
2022-01-29 23:15:00,-0.7,73,1024,0.9,1.6,255,9,0,0,NA,"Jan",2022,1,"Jan 2022"
2022-01-29 23:30:00,-0.5,72,1024,1.2,2.1,262,13,0,0,NA,"Jan",2022,1,"Jan 2022"
2022-01-29 23:45:00,-0.1,68,1024,1.2,2.5,267,13,0,0,NA,"Jan",2022,1,"Jan 2022"
2022-01-30,-0.1,67,1024,1.3,2.6,274,14,0,0,NA,"Jan",2022,1,"Jan 2022"
2022-01-30 00:15:00,-0.1,67,1024,1.3,2.2,270,13,0,0,NA,"Jan",2022,1,"Jan 2022"
2022-01-30 00:30:00,-0.4,69,1024,0.9,1.8,271,12,0,0,NA,"Jan",2022,1,"Jan 2022"
2022-01-30 00:45:00,-0.9,72,1024,0.9,1.6,266,13,0,0,NA,"Jan",2022,1,"Jan 2022"
2022-01-30 01:00:00,-1.1,73,1024,1.1,2.1,270,13,0,0,NA,"Jan",2022,1,"Jan 2022"
2022-01-30 01:15:00,-0.8,71,1024,1.4,2.5,275,11,0,0,NA,"Jan",2022,1,"Jan 2022"
2022-01-30 01:30:00,-0.6,69,1024,1.5,2.3,275,11,0,0,NA,"Jan",2022,1,"Jan 2022"
2022-01-30 01:45:00,-0.4,67,1024,1.6,3.1,280,13,0,0,NA,"Jan",2022,1,"Jan 2022"
2022-01-30 02:00:00,-0.6,67,1024,1.5,2.2,276,12,0,0,NA,"Jan",2022,1,"Jan 2022"
2022-01-30 02:15:00,-0.9,70,1024,1.5,2.3,275,11,0,0,NA,"Jan",2022,1,"Jan 2022"
2022-01-30 02:30:00,-1.1,70,1024,1.5,2.5,274,12,0,0,NA,"Jan",2022,1,"Jan 2022"
2022-01-30 02:45:00,-1.1,67,1024,1.8,2.9,276,14,0,0,NA,"Jan",2022,1,"Jan 2022"
2022-01-30 03:00:00,-1.1,68,1024,1.7,2.8,275,11,0,0,NA,"Jan",2022,1,"Jan 2022"
2022-01-30 03:15:00,-1,65,1024,1.8,2.7,285,14,0,0,NA,"Jan",2022,1,"Jan 2022"
2022-01-30 03:30:00,-0.7,62,1024,1.9,3,291,15,0,0,NA,"Jan",2022,1,"Jan 2022"
2022-01-30 03:45:00,-0.8,62,1024,2.1,3.7,294,17,0,0,NA,"Jan",2022,1,"Jan 2022"
2022-01-30 04:00:00,-0.6,60,1024,2.1,3.8,288,14,0,0,NA,"Jan",2022,1,"Jan 2022"
2022-01-30 04:15:00,-0.7,61,1024,2.1,3.6,296,16,0,0,NA,"Jan",2022,1,"Jan 2022"
2022-01-30 04:30:00,-0.5,59,1024,1.9,3.3,295,18,0,0,NA,"Jan",2022,1,"Jan 2022"
2022-01-30 04:45:00,-0.6,58,1024,1.6,2.8,296,16,0,0,NA,"Jan",2022,1,"Jan 2022"
2022-01-30 05:00:00,-0.3,58,1024,2.1,3.8,310,18,0,0,NA,"Jan",2022,1,"Jan 2022"
2022-01-30 05:15:00,0,55,1024,2.3,4.4,309,18,0,0,NA,"Jan",2022,1,"Jan 2022"
2022-01-30 06:15:00,0,56,1024,2.1,3.4,315,16,0,0,NA,"Jan",2022,1,"Jan 2022"
2022-01-30 06:30:00,-0.3,58,1025,1.4,2.7,309,18,0,0,NA,"Jan",2022,1,"Jan 2022"
2022-01-30 06:45:00,-0.7,59,1025,1,1.9,296,19,0,0,NA,"Jan",2022,1,"Jan 2022"
2022-01-30 07:00:00,-1.1,60,1025,1.3,2.5,280,15,0,0,NA,"Jan",2022,1,"Jan 2022"
2022-01-30 07:15:00,-1.7,66,1025,1.2,2,268,15,4.3,0,NA,"Jan",2022,1,"Jan 2022"
2022-01-30 07:30:00,-1.9,68,1025,1,2.1,261,15,26.7,0,NA,"Jan",2022,1,"Jan 2022"
2022-01-30 07:45:00,-1.4,66,1026,1.4,2.7,278,18,84.4,0,NA,"Jan",2022,1,"Jan 2022"
2022-01-30 08:00:00,-0.5,61,1026,2.1,3.4,281,18,162.9,0,NA,"Jan",2022,1,"Jan 2022"
2022-12-24 01:45:00,0,55,1023,1.6,3.7,307,20,0,0,NA,"Dec",2022,12,"Dec 2022"
2022-12-24 02:00:00,-0.2,55,1023,2.2,4.2,299,19,0,0,NA,"Dec",2022,12,"Dec 2022"
2022-12-24 02:15:00,-0.3,56,1023,2.3,4.1,315,17,0,0,NA,"Dec",2022,12,"Dec 2022"
2022-12-24 02:30:00,-0.6,57,1023,2.5,4.5,310,17,0,0,NA,"Dec",2022,12,"Dec 2022"
2022-12-24 02:45:00,-0.7,57,1023,2.7,4.5,313,15,0,0,NA,"Dec",2022,12,"Dec 2022"
2022-12-24 03:00:00,-0.9,57,1023,2.2,3.7,311,19,0,0,NA,"Dec",2022,12,"Dec 2022"
2022-12-24 03:15:00,-1,57,1024,2.3,4.2,308,20,0,0,NA,"Dec",2022,12,"Dec 2022"
2022-12-24 03:30:00,-1.1,58,1024,2.3,5.8,304,20,0,0,NA,"Dec",2022,12,"Dec 2022"
2022-12-24 03:45:00,-1.2,56,1024,2.6,4.9,308,18,0,0,NA,"Dec",2022,12,"Dec 2022"
2022-12-24 04:00:00,-1.4,55,1024,2.2,4.1,296,21,0,0,NA,"Dec",2022,12,"Dec 2022"
2022-12-24 04:15:00,-1.5,54,1024,3.1,5.5,313,18,0,0,NA,"Dec",2022,12,"Dec 2022"
2022-12-24 04:30:00,-1.7,53,1024,2.8,6.3,314,18,0,0,NA,"Dec",2022,12,"Dec 2022"
2022-12-24 04:45:00,-1.8,53,1024,2.7,4.8,313,17,0,0,NA,"Dec",2022,12,"Dec 2022"
2022-12-24 05:00:00,-2,52,1024,2.7,4.7,314,20,0,0,NA,"Dec",2022,12,"Dec 2022"
2022-12-24 05:15:00,-2.2,52,1024,2.7,4.7,318,17,0,0,NA,"Dec",2022,12,"Dec 2022"
2022-12-24 05:30:00,-2.3,52,1024,2.9,5.9,325,18,0,0,NA,"Dec",2022,12,"Dec 2022"
2022-12-24 05:45:00,-2.3,50,1024,3.3,6.4,326,18,0,0,NA,"Dec",2022,12,"Dec 2022"
2022-12-24 06:00:00,-2.3,49,1024,3.1,5.8,325,20,0,0,NA,"Dec",2022,12,"Dec 2022"
2022-12-24 06:15:00,-2.4,49,1024,3.1,6.1,322,20,0,0,NA,"Dec",2022,12,"Dec 2022"
2022-12-24 06:30:00,-2.5,48,1025,3.3,5.9,321,20,0,0,NA,"Dec",2022,12,"Dec 2022"
2022-12-24 06:45:00,-2.5,48,1025,3.3,5.9,326,19,0,0,NA,"Dec",2022,12,"Dec 2022"
2022-12-24 07:00:00,-2.6,49,1025,2.9,5.4,321,17,0,0,NA,"Dec",2022,12,"Dec 2022"
2022-12-24 07:15:00,-2.7,50,1025,2.7,6,322,19,4,0,NA,"Dec",2022,12,"Dec 2022"
2022-12-24 07:30:00,-2.7,51,1026,2.7,5.4,318,22,22.5,0,NA,"Dec",2022,12,"Dec 2022"
2022-12-24 07:45:00,-2.6,51,1026,2.7,5.8,319,20,74.1,0,NA,"Dec",2022,12,"Dec 2022"
2022-12-24 08:00:00,-2.5,50,1026,3.1,5.3,330,22,146.4,0,NA,"Dec",2022,12,"Dec 2022"
2022-12-24 08:15:00,-2.3,48,1026,2.9,5.4,323,21,227.4,0,NA,"Dec",2022,12,"Dec 2022"
2022-12-24 08:30:00,-2.4,45,1027,3.9,6.8,325,16,312.8,0,NA,"Dec",2022,12,"Dec 2022"
2022-12-24 08:45:00,-2.1,44,1027,3.8,6.7,321,18,399.2,0,NA,"Dec",2022,12,"Dec 2022"
2022-12-24 09:00:00,-1.7,44,1027,3.3,6.2,328,21,485.5,0,NA,"Dec",2022,12,"Dec 2022"
2022-12-24 09:15:00,-1.3,43,1027,3.7,6.3,318,20,568.7,0,NA,"Dec",2022,12,"Dec 2022"
2022-12-24 09:30:00,-0.9,43,1027,3.5,6,320,18,648.3,0,NA,"Dec",2022,12,"Dec 2022"
2022-12-24 09:45:00,-0.6,43,1027,3.3,5.9,313,21,722.9,0,NA,"Dec",2022,12,"Dec 2022"
2022-12-24 10:00:00,-0.1,42,1028,3.1,5.8,317,20,792.1,0,NA,"Dec",2022,12,"Dec 2022"
2022-12-24 20:00:00,-1,65,1025,0.7,1.5,242,10,0,0,NA,"Dec",2022,12,"Dec 2022"
2022-12-24 20:15:00,-0.9,62,1025,0.9,1.8,269,15,0,0,NA,"Dec",2022,12,"Dec 2022"
2022-12-24 20:30:00,-0.1,55,1025,1.3,2.1,285,14,0,0,NA,"Dec",2022,12,"Dec 2022"
2022-12-24 21:15:00,-0.1,53,1025,1.2,2.6,291,16,0,0,NA,"Dec",2022,12,"Dec 2022"
2022-12-24 21:30:00,0,55,1025,1.6,3.4,308,18,0,0,NA,"Dec",2022,12,"Dec 2022"
2022-12-24 21:45:00,0,52,1025,1.9,4,323,18,0,0,NA,"Dec",2022,12,"Dec 2022"
2022-12-24 22:00:00,0,50,1025,2.5,4.7,316,18,0,0,NA,"Dec",2022,12,"Dec 2022"
2022-12-24 22:15:00,0,48,1025,2.8,5.5,312,17,0,0,NA,"Dec",2022,12,"Dec 2022"
2022-12-24 22:30:00,-0.1,47,1025,3,5.5,314,19,0,0,NA,"Dec",2022,12,"Dec 2022"
2022-12-24 22:45:00,-0.3,46,1025,3,5.8,313,18,0,0,NA,"Dec",2022,12,"Dec 2022"
2022-12-24 23:00:00,-0.5,45,1025,2.8,5.4,313,19,0,0,NA,"Dec",2022,12,"Dec 2022"
2022-12-24 23:15:00,-0.7,47,1025,2.6,4.3,317,17,0,0,NA,"Dec",2022,12,"Dec 2022"
2022-12-24 23:30:00,-1,49,1025,1.7,3.7,311,21,0,0,NA,"Dec",2022,12,"Dec 2022"
2022-12-24 23:45:00,-1.3,51,1025,1.3,3.1,284,23,0,0,NA,"Dec",2022,12,"Dec 2022"
2022-12-25,-1.6,53,1025,1.1,2.5,287,20,0,0,NA,"Dec",2022,12,"Dec 2022"
2022-12-25 00:15:00,-1.7,54,1025,1.2,2.2,290,17,0,0,NA,"Dec",2022,12,"Dec 2022"
2022-12-25 00:30:00,-1.9,58,1025,1.1,2.2,300,18,0,0,NA,"Dec",2022,12,"Dec 2022"
2022-12-25 00:45:00,-2,56,1025,1.6,3.1,295,18,0,0,NA,"Dec",2022,12,"Dec 2022"
2022-12-25 01:00:00,-2.2,59,1025,1.1,1.9,287,15,0,0,NA,"Dec",2022,12,"Dec 2022"
2022-12-25 01:15:00,-2.4,59,1025,1.5,2.5,289,17,0,0,NA,"Dec",2022,12,"Dec 2022"
2022-12-25 01:30:00,-2.3,61,1025,1.5,3.5,302,15,0,0,NA,"Dec",2022,12,"Dec 2022"
2022-12-25 01:45:00,-2.3,61,1025,2.4,4.7,313,16,0,0,NA,"Dec",2022,12,"Dec 2022"
2022-12-25 02:00:00,-2.3,61,1025,2.6,4.7,309,16,0,0,NA,"Dec",2022,12,"Dec 2022"
2022-12-25 02:15:00,-2.3,60,1025,2.3,4.4,311,21,0,0,NA,"Dec",2022,12,"Dec 2022"
2022-12-25 02:30:00,-2.3,58,1025,2.4,4.3,312,18,0,0,NA,"Dec",2022,12,"Dec 2022"
2022-12-25 02:45:00,-2.4,58,1025,2.4,4.9,316,19,0,0,NA,"Dec",2022,12,"Dec 2022"
2022-12-25 03:00:00,-2.4,58,1025,2,4.6,308,17,0,0,NA,"Dec",2022,12,"Dec 2022"
2022-12-25 03:15:00,-2.7,59,1025,1.4,2.9,289,19,0,0,NA,"Dec",2022,12,"Dec 2022"
2022-12-25 03:30:00,-3.1,63,1025,0.9,1.7,250,18,0,0,NA,"Dec",2022,12,"Dec 2022"
2022-12-25 03:45:00,-3.4,65,1025,1,1.9,264,16,0,0,NA,"Dec",2022,12,"Dec 2022"
2022-12-25 04:00:00,-3.4,65,1025,1,2,263,15,0,0,NA,"Dec",2022,12,"Dec 2022"
2022-12-25 04:15:00,-3.4,65,1025,0.7,2,252,20,0,0,NA,"Dec",2022,12,"Dec 2022"
2022-12-25 04:30:00,-3.7,67,1025,0.4,1.2,215,12,0,0,NA,"Dec",2022,12,"Dec 2022"
2022-12-25 04:45:00,-4.2,72,1025,0.4,0.7,214,9,0,0,NA,"Dec",2022,12,"Dec 2022"
2022-12-25 05:00:00,-4.3,75,1025,0.3,1,254,11,0,0,NA,"Dec",2022,12,"Dec 2022"
2022-12-25 05:15:00,-4.3,75,1025,0.5,1.2,252,15,0,0,NA,"Dec",2022,12,"Dec 2022"
2022-12-25 05:30:00,-4,76,1025,1.1,2.9,301,18,0,0,NA,"Dec",2022,12,"Dec 2022"
2022-12-25 05:45:00,-3.5,74,1025,1.6,3.8,307,17,0,0,NA,"Dec",2022,12,"Dec 2022"
2022-12-25 06:00:00,-3.5,70,1025,1.8,3.5,309,18,0,0,NA,"Dec",2022,12,"Dec 2022"
2022-12-25 06:15:00,-3.6,68,1025,1.8,3.4,294,18,0,0,NA,"Dec",2022,12,"Dec 2022"
2022-12-25 06:30:00,-3.7,68,1025,1.8,2.8,283,20,0,0,NA,"Dec",2022,12,"Dec 2022"
2022-12-25 06:45:00,-3.8,70,1025,1.5,2.9,290,18,0,0,NA,"Dec",2022,12,"Dec 2022"
2022-12-25 07:00:00,-3.9,71,1025,1.3,2.8,286,17,0,0,NA,"Dec",2022,12,"Dec 2022"
2022-12-25 07:15:00,-4,70,1026,1.5,2.8,287,17,2.6,0,NA,"Dec",2022,12,"Dec 2022"
2022-12-25 07:30:00,-4,70,1026,1.5,3.2,291,17,14.6,0,NA,"Dec",2022,12,"Dec 2022"
2022-12-25 07:45:00,-3.9,70,1026,1.6,2.9,288,15,37.5,0,NA,"Dec",2022,12,"Dec 2022"
2022-12-25 08:00:00,-3.6,69,1026,1.8,3.6,296,21,116.5,0,NA,"Dec",2022,12,"Dec 2022"
2022-12-25 08:15:00,-2.9,66,1026,2.1,4.8,308,21,217.4,0,NA,"Dec",2022,12,"Dec 2022"
2022-12-25 08:30:00,-2.4,60,1026,2.3,4,293,25,304.6,0,NA,"Dec",2022,12,"Dec 2022"
2022-12-25 08:45:00,-1.9,56,1026,2.5,4.7,299,29,391.6,0,NA,"Dec",2022,12,"Dec 2022"
2022-12-25 09:00:00,-1.4,54,1026,2.4,4.5,294,24,477.4,0,NA,"Dec",2022,12,"Dec 2022"
2022-12-25 09:15:00,-0.8,52,1027,2.1,5,303,20,561.3,0,NA,"Dec",2022,12,"Dec 2022"
2022-12-25 09:30:00,-0.3,50,1027,2.1,3.9,288,19,641.6,0,NA,"Dec",2022,12,"Dec 2022"
2023-01-15 05:45:00,-0.2,87,1021,1,2,264,14,0,0,NA,"Jan",2023,1,"Jan 2023"
2023-01-15 06:00:00,-0.3,88,1021,0.8,1.6,279,18,0,0,NA,"Jan",2023,1,"Jan 2023"
2023-01-15 06:15:00,-0.1,88,1021,1.3,2.4,284,14,0,0,NA,"Jan",2023,1,"Jan 2023"
2023-01-15 06:30:00,-0.1,88,1022,1.5,2.7,283,13,0,0,NA,"Jan",2023,1,"Jan 2023"
2023-01-15 06:45:00,0,88,1022,1.6,2.5,279,15,0,0,NA,"Jan",2023,1,"Jan 2023"
2023-01-15 07:00:00,0,88,1022,1.5,2.9,282,16,0,0,NA,"Jan",2023,1,"Jan 2023"
2023-01-16 07:15:00,-0.1,97,1021,0.3,0.7,212,12,2.1,0,NA,"Jan",2023,1,"Jan 2023"
2025-01-09 21:45:00,-0.2,90,1022,0,0.3,185,0,0,NA,NA,"Jan",2025,1,"Jan 2025"
2025-01-09 22:00:00,-0.2,91,1022,0.2,0.6,183,2,0,NA,NA,"Jan",2025,1,"Jan 2025"
2025-01-09 22:15:00,-0.3,92,1022,0,0,0,0,0,NA,NA,"Jan",2025,1,"Jan 2025"
2025-01-09 22:30:00,-0.3,92,1022,0.2,0.7,185,0,0,NA,NA,"Jan",2025,1,"Jan 2025"
2025-01-09 22:45:00,-0.3,92,1022,0.2,1,201,10,0,NA,NA,"Jan",2025,1,"Jan 2025"
2025-01-09 23:00:00,-0.4,93,1022,0.2,0.7,217,0,0,NA,NA,"Jan",2025,1,"Jan 2025"
2025-01-09 23:15:00,-0.3,93,1022,0.3,0.6,217,0,0,NA,NA,"Jan",2025,1,"Jan 2025"
2025-01-09 23:30:00,-0.3,93,1022,0.2,0.5,216,0,0,NA,NA,"Jan",2025,1,"Jan 2025"
2025-01-09 23:45:00,-0.3,93,1022,0.5,1.5,241,20,0,NA,NA,"Jan",2025,1,"Jan 2025"
2025-01-10,0,93,1022,0.6,1.3,250,28,0,NA,NA,"Jan",2025,1,"Jan 2025"
2025-01-10 00:30:00,0,93,1021,0.8,1.7,261,23,0,NA,NA,"Jan",2025,1,"Jan 2025"
